-- phpMyAdmin SQL Dump
-- version 4.8.5
-- https://www.phpmyadmin.net/
--
-- Host: localhost
-- Generation Time: Apr 21, 2019 at 06:10 PM
-- Server version: 10.1.38-MariaDB
-- PHP Version: 7.3.3

SET SQL_MODE = "NO_AUTO_VALUE_ON_ZERO";
SET AUTOCOMMIT = 0;
START TRANSACTION;
SET time_zone = "+00:00";


/*!40101 SET @OLD_CHARACTER_SET_CLIENT=@@CHARACTER_SET_CLIENT */;
/*!40101 SET @OLD_CHARACTER_SET_RESULTS=@@CHARACTER_SET_RESULTS */;
/*!40101 SET @OLD_COLLATION_CONNECTION=@@COLLATION_CONNECTION */;
/*!40101 SET NAMES utf8mb4 */;

--
-- Database: `eapi`
--

-- --------------------------------------------------------

--
-- Table structure for table `migrations`
--

DROP TABLE IF EXISTS `migrations`;
CREATE TABLE `migrations` (
  `id` int(10) UNSIGNED NOT NULL,
  `migration` varchar(191) COLLATE utf8mb4_unicode_ci NOT NULL,
  `batch` int(11) NOT NULL
) ENGINE=InnoDB DEFAULT CHARSET=utf8mb4 COLLATE=utf8mb4_unicode_ci;

--
-- Dumping data for table `migrations`
--

INSERT INTO `migrations` (`id`, `migration`, `batch`) VALUES
(1, '2014_10_12_000000_create_users_table', 1),
(2, '2014_10_12_100000_create_password_resets_table', 1),
(3, '2019_04_21_100326_create_products_table', 1),
(4, '2019_04_21_100356_create_reviews_table', 1);

-- --------------------------------------------------------

--
-- Table structure for table `password_resets`
--

DROP TABLE IF EXISTS `password_resets`;
CREATE TABLE `password_resets` (
  `email` varchar(191) COLLATE utf8mb4_unicode_ci NOT NULL,
  `token` varchar(191) COLLATE utf8mb4_unicode_ci NOT NULL,
  `created_at` timestamp NULL DEFAULT NULL
) ENGINE=InnoDB DEFAULT CHARSET=utf8mb4 COLLATE=utf8mb4_unicode_ci;

-- --------------------------------------------------------

--
-- Table structure for table `products`
--

DROP TABLE IF EXISTS `products`;
CREATE TABLE `products` (
  `id` int(10) UNSIGNED NOT NULL,
  `name` varchar(191) COLLATE utf8mb4_unicode_ci NOT NULL,
  `detail` text COLLATE utf8mb4_unicode_ci NOT NULL,
  `price` int(11) NOT NULL,
  `stock` int(11) NOT NULL,
  `discount` int(11) NOT NULL,
  `created_at` timestamp NULL DEFAULT NULL,
  `updated_at` timestamp NULL DEFAULT NULL
) ENGINE=InnoDB DEFAULT CHARSET=utf8mb4 COLLATE=utf8mb4_unicode_ci;

--
-- Dumping data for table `products`
--

INSERT INTO `products` (`id`, `name`, `detail`, `price`, `stock`, `discount`, `created_at`, `updated_at`) VALUES
(1, 'unde', 'Ut mollitia deleniti assumenda aperiam itaque non ipsa. Dicta blanditiis quis asperiores ratione. Architecto ipsa tempora quo praesentium expedita quo commodi.', 824, 9, 13, '2019-04-21 09:20:14', '2019-04-21 09:20:14'),
(2, 'quas', 'Nemo ut et nemo id qui doloremque id. Sequi velit sapiente rem sit est sed et illo. Sit iure laudantium cumque corrupti veritatis accusantium.', 327, 3, 4, '2019-04-21 09:20:14', '2019-04-21 09:20:14'),
(3, 'excepturi', 'Quia aut aperiam facilis voluptate dolorem rerum neque. Nobis deleniti voluptatem necessitatibus doloribus beatae officiis. Velit aut veritatis earum a. Ex fugit laborum quae ut rerum.', 517, 5, 14, '2019-04-21 09:20:14', '2019-04-21 09:20:14'),
(4, 'ipsa', 'Et laborum amet dolor quasi dignissimos voluptatibus. Ut commodi sapiente ea consequatur blanditiis ea unde quo. Quasi dolorum cum accusamus et maiores voluptas sit rerum.', 226, 8, 7, '2019-04-21 09:20:14', '2019-04-21 09:20:14'),
(5, 'voluptas', 'Asperiores eveniet ut ut eum fuga molestias. Totam nisi rem et deleniti optio. Fugiat et consequatur perferendis iusto. Sit quas quas ab sint ullam nisi quisquam.', 350, 7, 10, '2019-04-21 09:20:14', '2019-04-21 09:20:14'),
(6, 'est', 'Voluptatem reiciendis dolor voluptates adipisci. Corporis cupiditate iure consequatur voluptatem qui ducimus deleniti. Nulla aliquam molestiae rem odit sed fugiat harum.', 438, 2, 8, '2019-04-21 09:20:15', '2019-04-21 09:20:15'),
(7, 'dignissimos', 'Debitis facilis quisquam incidunt explicabo id ut ut ut. Modi at est necessitatibus aut quod consequatur sint. Corrupti voluptatem sed quaerat non quae ipsam. Eligendi ea autem nam aut sed doloremque qui.', 980, 7, 27, '2019-04-21 09:20:15', '2019-04-21 09:20:15'),
(8, 'enim', 'Occaecati illo voluptatem quaerat quibusdam exercitationem ad dolorum. Cupiditate consectetur corrupti harum dolorem. Sint ut enim earum autem labore.', 492, 0, 12, '2019-04-21 09:20:15', '2019-04-21 09:20:15'),
(9, 'dolorem', 'Soluta adipisci commodi et architecto. Beatae nulla culpa velit incidunt voluptate est voluptatem. Eaque totam est iste sit architecto doloremque qui.', 616, 9, 24, '2019-04-21 09:20:15', '2019-04-21 09:20:15'),
(10, 'et', 'Tenetur tenetur totam harum. Necessitatibus explicabo enim omnis nam sed temporibus omnis. Id voluptatem voluptatibus quaerat deleniti dolor. Ut qui et explicabo laudantium.', 278, 3, 23, '2019-04-21 09:20:15', '2019-04-21 09:20:15'),
(11, 'omnis', 'Cupiditate non odit eaque. Quod fuga aut nobis similique consequatur. Assumenda rerum consequatur ipsum repellendus animi tempora. Earum in provident est quis temporibus soluta aliquid.', 439, 1, 16, '2019-04-21 09:20:15', '2019-04-21 09:20:15'),
(12, 'amet', 'Dolor corrupti ea distinctio pariatur temporibus eum aliquam et. Ut non eius voluptas tempora quia. Rerum amet ut illum sunt.', 294, 4, 27, '2019-04-21 09:20:15', '2019-04-21 09:20:15'),
(13, 'velit', 'Facere dolor natus enim labore architecto. Possimus reiciendis beatae ut vero reprehenderit exercitationem deserunt ut. Aspernatur mollitia omnis et velit. In a eaque vel laborum.', 466, 6, 26, '2019-04-21 09:20:15', '2019-04-21 09:20:15'),
(14, 'ratione', 'Qui sapiente vel placeat beatae fuga. Aut inventore cupiditate sit commodi facilis omnis sit veniam. Sequi facere voluptatem nesciunt nihil facilis.', 961, 6, 25, '2019-04-21 09:20:15', '2019-04-21 09:20:15'),
(15, 'numquam', 'Aut a illo velit quis quaerat praesentium. In quam non et a autem et. Omnis voluptatibus quo libero magni impedit.', 194, 7, 21, '2019-04-21 09:20:15', '2019-04-21 09:20:15'),
(16, 'ipsum', 'Sunt minus at qui beatae voluptas. Dolorum reprehenderit at atque iure ea magnam quo nisi. Officia et fuga commodi omnis numquam voluptas sit. Quia labore et voluptatum facilis numquam et.', 169, 4, 17, '2019-04-21 09:20:15', '2019-04-21 09:20:15'),
(17, 'natus', 'Ducimus vero quia dolores et. Qui iusto modi quisquam eius nihil ducimus non. Eius sed voluptatem quo quis.', 553, 2, 18, '2019-04-21 09:20:15', '2019-04-21 09:20:15'),
(18, 'minima', 'Quia modi at officiis repellendus aperiam tenetur. Repellendus eius corporis similique beatae qui ut molestiae. Quod assumenda sunt eum porro rerum voluptates dolor.', 132, 5, 24, '2019-04-21 09:20:15', '2019-04-21 09:20:15'),
(19, 'recusandae', 'Nihil magni eos cumque. Non sed dolores sit voluptas. Porro cum quidem et a quia. Adipisci numquam alias tempora consequuntur iste et.', 265, 4, 30, '2019-04-21 09:20:15', '2019-04-21 09:20:15'),
(20, 'ipsa', 'Rerum repellendus sunt error quibusdam et eos iure aperiam. Fuga eveniet est iusto unde et.', 480, 8, 5, '2019-04-21 09:20:15', '2019-04-21 09:20:15'),
(21, 'commodi', 'Beatae sunt dolorum quo doloremque est doloribus. Non quo dignissimos saepe sit ad et non accusantium. Non illum debitis et.', 535, 0, 13, '2019-04-21 09:20:15', '2019-04-21 09:20:15'),
(22, 'nisi', 'Optio omnis sunt laudantium voluptas unde. Nihil dicta incidunt natus velit doloribus ipsa. Consequatur dolore enim non.', 576, 7, 17, '2019-04-21 09:20:15', '2019-04-21 09:20:15'),
(23, 'doloribus', 'Voluptatum iusto reprehenderit distinctio sed voluptatem delectus. Ipsum rerum sint minima deleniti quas qui voluptas. Aspernatur ratione iusto fugiat qui soluta saepe placeat.', 286, 9, 24, '2019-04-21 09:20:15', '2019-04-21 09:20:15'),
(24, 'ipsam', 'Ratione aut ab ex. Ipsum cupiditate nam nostrum harum eos dolor.', 199, 1, 13, '2019-04-21 09:20:15', '2019-04-21 09:20:15'),
(25, 'enim', 'Aut eius quo officiis debitis. Illum iste et numquam eligendi sit sint. Blanditiis odio assumenda similique praesentium. Suscipit quo porro cupiditate dolor veritatis. In quibusdam qui sed delectus nesciunt autem eum.', 500, 2, 3, '2019-04-21 09:20:15', '2019-04-21 09:20:15'),
(26, 'illo', 'Facilis laudantium alias nemo possimus. Nihil magni qui magni exercitationem omnis expedita. Ab eligendi eveniet perferendis sit aut maiores.', 386, 1, 24, '2019-04-21 09:20:16', '2019-04-21 09:20:16'),
(27, 'odio', 'Et incidunt quisquam corrupti quam. Rem a sequi ipsa totam sed aspernatur. Voluptatem incidunt qui eum architecto quam odio ipsam.', 459, 3, 3, '2019-04-21 09:20:16', '2019-04-21 09:20:16'),
(28, 'omnis', 'Sed aut incidunt voluptatem vero maxime. Et eveniet dolorum pariatur quo. Neque qui aut quidem corrupti facilis vitae iste ut. Rem aut ut dolor ullam.', 888, 8, 8, '2019-04-21 09:20:16', '2019-04-21 09:20:16'),
(29, 'maxime', 'Rerum id molestiae et et. Eos et aspernatur beatae beatae facilis ex. Totam debitis ad earum vitae quibusdam ex.', 602, 3, 21, '2019-04-21 09:20:16', '2019-04-21 09:20:16'),
(30, 'nisi', 'Quaerat aut dolor at delectus libero. Et ipsa vitae quibusdam quaerat quam non animi minima. Quia ullam et est quo nemo repudiandae.', 742, 7, 11, '2019-04-21 09:20:16', '2019-04-21 09:20:16'),
(31, 'in', 'Ea vel est qui at cumque non perspiciatis. Et laboriosam minima mollitia nemo quam nam. Voluptas minima sint quas. Reiciendis qui excepturi error earum. Fugiat vitae optio dolores temporibus blanditiis.', 174, 5, 15, '2019-04-21 09:20:16', '2019-04-21 09:20:16'),
(32, 'quis', 'Ut vel nihil dolor ea. Enim provident fugiat sit ut magnam architecto molestiae. Voluptatem ipsa esse fugit totam reprehenderit veritatis. Aut excepturi nemo laboriosam dolor.', 235, 3, 27, '2019-04-21 09:20:16', '2019-04-21 09:20:16'),
(33, 'odio', 'Quia praesentium quia sed reiciendis libero ut cumque. Qui corrupti vero voluptatibus quo inventore deserunt.', 429, 4, 7, '2019-04-21 09:20:16', '2019-04-21 09:20:16'),
(34, 'numquam', 'Iure recusandae qui id. Possimus sunt temporibus eos id ratione enim id. Sint ut ratione commodi velit qui inventore.', 780, 8, 21, '2019-04-21 09:20:16', '2019-04-21 09:20:16'),
(35, 'aliquam', 'Magni reprehenderit amet rerum dolor labore. Odio eum est et nostrum velit et non eum. Ut minima excepturi quo enim exercitationem.', 778, 4, 11, '2019-04-21 09:20:16', '2019-04-21 09:20:16'),
(36, 'nihil', 'Blanditiis possimus culpa repellendus quia quis laboriosam. Itaque iusto fugiat quos non earum est amet dolores. Iusto laudantium assumenda facere quos deserunt voluptas autem. Voluptatem dolorem cupiditate ab sint tempora error.', 226, 6, 19, '2019-04-21 09:20:16', '2019-04-21 09:20:16'),
(37, 'eum', 'Accusantium molestias aliquid est officiis. Amet dolorum voluptates placeat non perferendis autem tempora culpa. Ad blanditiis sit non recusandae quia corrupti saepe. Dolorem aperiam voluptatem in perferendis atque eveniet.', 115, 0, 8, '2019-04-21 09:20:16', '2019-04-21 09:20:16'),
(38, 'et', 'Consequuntur labore labore quisquam animi autem dicta. Soluta dolorum rerum nostrum consequuntur quidem quae. Enim ratione rerum debitis molestiae.', 112, 0, 9, '2019-04-21 09:20:16', '2019-04-21 09:20:16'),
(39, 'praesentium', 'Iusto dignissimos voluptatem et molestias et. Et vel quia fugit qui. Sit est labore ullam deserunt tempore sequi consequuntur. Minima minus non modi minus aspernatur qui et. Quasi earum odio eius ea distinctio nam.', 203, 0, 13, '2019-04-21 09:20:16', '2019-04-21 09:20:16'),
(40, 'dolorem', 'Doloribus veritatis nulla qui. Ducimus quidem est non consequatur quisquam molestias. Illo mollitia quia possimus non eligendi iusto placeat.', 473, 8, 20, '2019-04-21 09:20:16', '2019-04-21 09:20:16'),
(41, 'aperiam', 'Non iure rerum ut vero soluta sequi deserunt. Et est placeat et saepe. Tenetur earum perferendis aspernatur aut. Voluptas in dolore eaque at dolore laborum.', 991, 3, 25, '2019-04-21 09:20:16', '2019-04-21 09:20:16'),
(42, 'qui', 'Est sed sed et dolores. Odit placeat dolor repellat. Et sit non commodi velit blanditiis dolore.', 617, 9, 13, '2019-04-21 09:20:16', '2019-04-21 09:20:16'),
(43, 'officiis', 'Placeat aut ut dolorem dolor quibusdam. Dolores consequatur facilis et nam eos dolorum atque. Minima molestias reprehenderit voluptatem et ut. Cum error et modi possimus.', 558, 9, 20, '2019-04-21 09:20:16', '2019-04-21 09:20:16'),
(44, 'et', 'Dolores quibusdam quasi iusto incidunt. Aliquam nemo quia delectus est. Veritatis distinctio illo perspiciatis itaque odio ut aut. Similique eveniet nulla nisi voluptas iste ea dolore.', 417, 2, 11, '2019-04-21 09:20:16', '2019-04-21 09:20:16'),
(45, 'aperiam', 'Voluptate minima id et nobis et sed impedit rerum. Qui ratione rerum rerum est. Quos cumque ut assumenda nihil.', 438, 2, 30, '2019-04-21 09:20:16', '2019-04-21 09:20:16'),
(46, 'ut', 'Possimus eius aut quo dolores. Eum similique natus ducimus quo accusantium quis. Placeat quod vel aut sequi.', 481, 3, 30, '2019-04-21 09:20:16', '2019-04-21 09:20:16'),
(47, 'incidunt', 'Enim dolor ea ad ut et ut et. Autem libero occaecati laboriosam quidem tempora. Et in quia et. Officiis in id eligendi ab sit id doloremque magnam. Et rerum dolorem asperiores nesciunt.', 485, 7, 15, '2019-04-21 09:20:16', '2019-04-21 09:20:16'),
(48, 'error', 'Magnam maiores est libero minima non ut corporis. Expedita est soluta consequatur non. Voluptatibus ex quia dolorem maiores quasi cumque. Nihil et cum repudiandae ab.', 934, 9, 15, '2019-04-21 09:20:16', '2019-04-21 09:20:16'),
(49, 'veritatis', 'Voluptas ex est corrupti qui eaque. Est culpa ut consequatur rem. Sapiente voluptatem doloribus laboriosam quisquam vel et. Omnis consequatur omnis velit est culpa. Illo est vel et sunt dicta et quas.', 542, 9, 13, '2019-04-21 09:20:16', '2019-04-21 09:20:16'),
(50, 'excepturi', 'Dicta et labore aut. Excepturi veniam dolorem officia ipsam et non enim. Incidunt et aut quo molestiae in.', 476, 4, 9, '2019-04-21 09:20:16', '2019-04-21 09:20:16'),
(51, 'omnis', 'Quod temporibus est qui aliquam maxime cum. Eius optio qui sed aut quis. Sed id nam provident eum non odio. Eius illo non dolorem ad. Provident porro qui similique saepe.', 763, 7, 23, '2019-04-21 09:26:07', '2019-04-21 09:26:07'),
(52, 'quae', 'Quos sit similique eligendi porro. Quibusdam assumenda vitae soluta illum. Ut cupiditate magni et incidunt laborum.', 454, 6, 21, '2019-04-21 09:26:07', '2019-04-21 09:26:07'),
(53, 'dolore', 'Quibusdam voluptas eos non dolore alias facere earum aut. Officiis ut aspernatur accusantium optio ut. Est culpa quia omnis labore mollitia quas.', 247, 4, 5, '2019-04-21 09:26:07', '2019-04-21 09:26:07'),
(54, 'nam', 'Quia facilis suscipit ipsam velit sit impedit quas. Tenetur quis corrupti itaque sunt est omnis ut. Vitae fugit eveniet eum distinctio.', 223, 0, 30, '2019-04-21 09:26:07', '2019-04-21 09:26:07'),
(55, 'fugiat', 'Aut non temporibus dolorem rerum eveniet labore debitis. Quis doloremque dolore dolore voluptatibus placeat dolorum recusandae. Minima odit velit illo quaerat est.', 320, 2, 3, '2019-04-21 09:26:07', '2019-04-21 09:26:07'),
(56, 'eveniet', 'Et repellat enim eveniet nostrum. Quod sed voluptas nisi dignissimos et. Qui dolorem qui officiis consequatur cupiditate. Harum modi non quis eos sed non ea.', 681, 7, 22, '2019-04-21 09:26:07', '2019-04-21 09:26:07'),
(57, 'dolore', 'Molestiae nam incidunt illum qui ea necessitatibus rem. Dolorem tempora sed mollitia quas non commodi. Excepturi quos itaque eum. Tempore debitis animi officia suscipit.', 604, 9, 3, '2019-04-21 09:26:07', '2019-04-21 09:26:07'),
(58, 'exercitationem', 'Sit et sed odit repellat qui sed quia id. Et ratione voluptatem velit sint. Omnis voluptatem corporis occaecati sunt aut veritatis sunt officia.', 437, 3, 20, '2019-04-21 09:26:08', '2019-04-21 09:26:08'),
(59, 'et', 'Aut rerum iusto aliquam et nam nihil recusandae. Distinctio itaque in temporibus minima maxime fugiat dolores. Reiciendis recusandae iusto veniam quam at rem. Ipsum voluptas aut eum magni molestias alias non.', 609, 0, 30, '2019-04-21 09:26:08', '2019-04-21 09:26:08'),
(60, 'et', 'Beatae nihil natus ut voluptas nihil fugit. Praesentium aut vitae voluptas dolore consequuntur reiciendis sint. Consequatur eaque ut recusandae maxime consequatur.', 742, 0, 21, '2019-04-21 09:26:08', '2019-04-21 09:26:08'),
(61, 'aut', 'Facere recusandae aperiam cum veritatis molestias facere omnis. Necessitatibus eum reprehenderit veritatis quae quas. Aut nulla tenetur voluptas sunt aliquam quasi in. Optio sapiente delectus et aut voluptatum earum.', 286, 5, 22, '2019-04-21 09:26:08', '2019-04-21 09:26:08'),
(62, 'labore', 'Quas veniam aliquam reiciendis excepturi vel. Sunt earum omnis aut beatae. Et voluptatibus ut veritatis aut numquam et recusandae.', 298, 0, 26, '2019-04-21 09:26:08', '2019-04-21 09:26:08'),
(63, 'voluptatem', 'Commodi sint consequatur asperiores qui numquam officiis. Veniam nesciunt dolores mollitia qui. Alias dolor nihil ut praesentium voluptatibus quia voluptates tempora.', 190, 1, 15, '2019-04-21 09:26:08', '2019-04-21 09:26:08'),
(64, 'ad', 'Asperiores totam maxime consequuntur quisquam. Atque nihil placeat officia sed amet laudantium nulla neque. In dolores error veniam provident porro. Enim vel ducimus tenetur ut inventore odit aut doloremque.', 232, 5, 6, '2019-04-21 09:26:08', '2019-04-21 09:26:08'),
(65, 'aliquid', 'Sed aut in et ex voluptatibus ipsa. Laborum optio quisquam sed autem quae beatae molestiae. Omnis est saepe quaerat alias. Molestiae harum quod dolore.', 976, 2, 20, '2019-04-21 09:26:08', '2019-04-21 09:26:08'),
(66, 'temporibus', 'Est omnis at repellat illo. Ratione fugiat fugiat ut ea. Voluptates vel numquam voluptas perferendis ex. Fuga sit facere vitae recusandae modi.', 677, 6, 16, '2019-04-21 09:26:08', '2019-04-21 09:26:08'),
(67, 'et', 'Voluptas ut placeat eos mollitia odio ut illo. Est occaecati voluptate voluptas facilis dolores delectus est. Perspiciatis deserunt ut eveniet minima inventore possimus animi quia. Quis modi ipsum eum est quibusdam voluptas reiciendis.', 606, 3, 6, '2019-04-21 09:26:08', '2019-04-21 09:26:08'),
(68, 'aut', 'Provident magnam labore dicta ut dolor ea. Quidem enim enim ut voluptate nulla. Libero dolorem distinctio officiis maxime. Sint minima architecto et occaecati est eum.', 198, 5, 2, '2019-04-21 09:26:08', '2019-04-21 09:26:08'),
(69, 'velit', 'Ratione aut repellendus nam magni aut veritatis. Quis illo maxime fuga omnis laborum maxime. Non harum qui nam delectus reprehenderit est.', 829, 1, 27, '2019-04-21 09:26:08', '2019-04-21 09:26:08'),
(70, 'et', 'Non ut fugiat ut ut nesciunt quam. Velit repellat excepturi sit aliquam eum enim. Libero sapiente fuga dolorem natus veritatis necessitatibus tempore esse.', 531, 2, 4, '2019-04-21 09:26:08', '2019-04-21 09:26:08'),
(71, 'corrupti', 'Expedita molestiae assumenda in facere est consequatur. Et non reiciendis illo omnis. Omnis mollitia odio accusantium ut asperiores autem.', 761, 4, 27, '2019-04-21 09:26:08', '2019-04-21 09:26:08'),
(72, 'autem', 'Itaque sed sint iusto. Aliquam architecto et nam totam aliquam omnis nulla. Fugit iste quos magnam ex sit doloremque ad.', 942, 6, 16, '2019-04-21 09:26:08', '2019-04-21 09:26:08'),
(73, 'commodi', 'Aut ducimus perferendis pariatur eligendi. Sed et sapiente suscipit deleniti debitis doloribus. Maiores deserunt vitae perspiciatis qui quos nobis est. Minus sit dolorem adipisci aliquam itaque voluptas dignissimos modi. Enim quasi molestiae aspernatur.', 570, 2, 10, '2019-04-21 09:26:08', '2019-04-21 09:26:08'),
(74, 'sed', 'Blanditiis nisi quod velit repudiandae qui voluptates. Inventore cupiditate nulla aut error quis. Ad dignissimos nemo quam debitis dignissimos amet officiis delectus.', 768, 3, 8, '2019-04-21 09:26:08', '2019-04-21 09:26:08'),
(75, 'est', 'Quo vero beatae consequatur autem ipsum. Explicabo voluptatem est omnis asperiores. Nesciunt nobis optio labore harum dignissimos.', 632, 9, 8, '2019-04-21 09:26:08', '2019-04-21 09:26:08'),
(76, 'beatae', 'Aut ex eaque modi et nostrum et ut. Et unde enim voluptatem maiores voluptas repellat. Soluta temporibus exercitationem voluptatem culpa. Soluta enim aperiam quod porro aperiam at.', 491, 7, 18, '2019-04-21 09:26:08', '2019-04-21 09:26:08'),
(77, 'reprehenderit', 'Facilis tempora qui et consequatur necessitatibus exercitationem sint. Sed repellat dolor nam modi cupiditate reprehenderit sapiente. Velit aliquid qui accusantium qui voluptatum.', 857, 7, 26, '2019-04-21 09:26:08', '2019-04-21 09:26:08'),
(78, 'aut', 'Vitae illum consectetur commodi itaque. Et earum placeat animi similique corporis. Consequatur totam sunt vel dolorem qui sit. In aspernatur maiores reprehenderit.', 628, 0, 7, '2019-04-21 09:26:09', '2019-04-21 09:26:09'),
(79, 'non', 'Illo magni doloremque magnam ut voluptatem aliquid. At inventore veniam autem quasi incidunt voluptatem. Laboriosam id cum enim consequatur voluptatibus.', 384, 8, 9, '2019-04-21 09:26:09', '2019-04-21 09:26:09'),
(80, 'neque', 'Nihil odit rerum architecto et sunt. Voluptatem molestias sit nemo quisquam dolores ut. Quaerat harum eos error eveniet atque quia.', 493, 1, 26, '2019-04-21 09:26:09', '2019-04-21 09:26:09'),
(81, 'sint', 'Ut placeat accusamus aliquam labore aut. Aut corporis id quod qui impedit quas et. Et laudantium tempore qui.', 580, 6, 19, '2019-04-21 09:26:09', '2019-04-21 09:26:09'),
(82, 'numquam', 'Velit voluptas exercitationem numquam non tenetur. Accusamus maiores sint eos aliquid. Expedita tempora et consequatur tenetur beatae.', 925, 6, 25, '2019-04-21 09:26:09', '2019-04-21 09:26:09'),
(83, 'sit', 'Impedit iste quam illum alias omnis dolores. Tempora ad a est quis. Iusto voluptate libero officiis autem quia fugit.', 421, 0, 3, '2019-04-21 09:26:09', '2019-04-21 09:26:09'),
(84, 'voluptatibus', 'Omnis eos exercitationem aut aspernatur. Soluta adipisci quam omnis repellendus ipsum.', 326, 4, 3, '2019-04-21 09:26:09', '2019-04-21 09:26:09'),
(85, 'quia', 'Laborum ea qui voluptate. Ea tempore tenetur ullam. Minima possimus est eos harum earum rerum nostrum. Est et animi tempora voluptates.', 953, 6, 26, '2019-04-21 09:26:09', '2019-04-21 09:26:09'),
(86, 'nihil', 'Omnis omnis sit consequatur soluta ut placeat. Voluptates quibusdam corrupti rem possimus ut. Illum quas qui sit aut odio et sunt doloremque.', 578, 5, 3, '2019-04-21 09:26:09', '2019-04-21 09:26:09'),
(87, 'molestiae', 'Nostrum cumque ex in qui libero eligendi voluptatem. Rem aut sit quo deserunt eius eligendi facere. Voluptatibus velit quis deserunt quibusdam quaerat. Et error ut iure blanditiis.', 514, 9, 25, '2019-04-21 09:26:09', '2019-04-21 09:26:09'),
(88, 'ea', 'Quia suscipit numquam iure et. Quia sit vel quidem hic laboriosam impedit ut. Harum iure repellat ea molestiae accusamus eos repellendus. Excepturi qui perferendis enim vitae enim.', 932, 4, 16, '2019-04-21 09:26:09', '2019-04-21 09:26:09'),
(89, 'consequuntur', 'Excepturi ut nisi ut in nobis numquam. Eos eum magni debitis sit sit vero dolor. Rem exercitationem est veritatis ex.', 257, 2, 23, '2019-04-21 09:26:09', '2019-04-21 09:26:09'),
(90, 'aliquam', 'Dolorum repellat eius repellat et et. Modi rerum sequi ratione ipsam. Vitae cumque sit optio et debitis veritatis molestias. Id ea tempore soluta itaque.', 870, 7, 23, '2019-04-21 09:26:09', '2019-04-21 09:26:09'),
(91, 'dolore', 'Repudiandae officia id qui quidem et accusantium similique. Voluptates occaecati et deleniti quae perspiciatis sit. Vel excepturi iure consequuntur voluptas nesciunt.', 771, 9, 18, '2019-04-21 09:26:09', '2019-04-21 09:26:09'),
(92, 'non', 'Voluptatibus laborum officiis voluptates vel. Facilis blanditiis et sunt. Voluptas ex similique fugiat et dolores officiis neque.', 365, 6, 2, '2019-04-21 09:26:09', '2019-04-21 09:26:09'),
(93, 'pariatur', 'Consequatur dolores voluptatibus expedita. Odio sunt voluptatem velit explicabo id eum. Fuga porro et sit in.', 549, 7, 5, '2019-04-21 09:26:09', '2019-04-21 09:26:09'),
(94, 'nemo', 'Perferendis porro voluptate libero sunt accusantium. Consequuntur et voluptatibus perferendis consequatur occaecati aperiam reprehenderit. Quia repellendus qui alias fuga. Vel earum eos id dolorem autem.', 213, 1, 12, '2019-04-21 09:26:09', '2019-04-21 09:26:09'),
(95, 'harum', 'Et dolor qui adipisci blanditiis provident et. Sed non debitis sed illum incidunt.', 742, 0, 13, '2019-04-21 09:26:09', '2019-04-21 09:26:09'),
(96, 'provident', 'Error et consequuntur itaque reiciendis inventore pariatur. Deserunt qui dolorem animi similique ratione mollitia minima. In corporis dolor natus cum et quod.', 443, 7, 5, '2019-04-21 09:26:09', '2019-04-21 09:26:09'),
(97, 'ut', 'Eos aliquid atque possimus illo nihil omnis consequatur ratione. Facilis non et praesentium cupiditate. Aut temporibus ullam consequatur sit. Saepe nam consequatur animi nobis.', 431, 8, 23, '2019-04-21 09:26:10', '2019-04-21 09:26:10'),
(98, 'expedita', 'Fugit ratione est repellendus provident natus. At dolor adipisci dolorem excepturi unde ut. Quia molestias velit qui voluptatum mollitia et. Natus similique dolore odit repudiandae facere dignissimos accusantium.', 993, 4, 30, '2019-04-21 09:26:10', '2019-04-21 09:26:10'),
(99, 'nemo', 'Ut laborum cum laboriosam quam odit magni. Enim minima est eos et qui beatae. Omnis dolores quae ad aut. Suscipit accusamus non ut minima.', 171, 5, 3, '2019-04-21 09:26:10', '2019-04-21 09:26:10'),
(100, 'beatae', 'Et ipsum voluptas fuga accusamus fugit. Sed blanditiis est repudiandae non. Fugit quibusdam exercitationem perferendis vel dolorem omnis. Explicabo sit nemo nihil harum.', 325, 2, 19, '2019-04-21 09:26:10', '2019-04-21 09:26:10');

-- --------------------------------------------------------

--
-- Table structure for table `reviews`
--

DROP TABLE IF EXISTS `reviews`;
CREATE TABLE `reviews` (
  `id` bigint(20) UNSIGNED NOT NULL,
  `product_id` int(10) UNSIGNED NOT NULL,
  `customer` varchar(191) COLLATE utf8mb4_unicode_ci NOT NULL,
  `review` text COLLATE utf8mb4_unicode_ci NOT NULL,
  `star` int(11) NOT NULL,
  `created_at` timestamp NULL DEFAULT NULL,
  `updated_at` timestamp NULL DEFAULT NULL
) ENGINE=InnoDB DEFAULT CHARSET=utf8mb4 COLLATE=utf8mb4_unicode_ci;

--
-- Dumping data for table `reviews`
--

INSERT INTO `reviews` (`id`, `product_id`, `customer`, `review`, `star`, `created_at`, `updated_at`) VALUES
(1, 1, 'Kristian Price', 'Accusantium consectetur enim repellendus dolore sint. Quidem molestiae quia perspiciatis sequi facere quia ut. Exercitationem veritatis incidunt provident culpa. Eaque tempora sed tenetur tempora.', 0, '2019-04-21 09:26:10', '2019-04-21 09:26:10'),
(2, 46, 'Prof. Bethany Quigley II', 'Explicabo cupiditate nobis fuga quibusdam sit sed dolores. Vel odit cum voluptas iure. Doloribus quisquam fugiat molestiae ea et est.', 2, '2019-04-21 09:26:10', '2019-04-21 09:26:10'),
(3, 65, 'Ramon Flatley', 'Velit nihil aut ut a sunt repellendus. Odio minima enim ullam molestiae est repudiandae eos. Id id a eaque illo velit ut. Id eaque adipisci molestias quam eum non quis autem.', 2, '2019-04-21 09:26:10', '2019-04-21 09:26:10'),
(4, 62, 'Simone Schulist', 'In tenetur perferendis reiciendis aperiam culpa id nulla. Praesentium ab exercitationem ipsum inventore. Eius ducimus vel voluptatibus et consequatur dignissimos quis.', 3, '2019-04-21 09:26:10', '2019-04-21 09:26:10'),
(5, 13, 'William Rodriguez', 'Voluptas assumenda facilis expedita placeat et excepturi quia. Eius repudiandae unde quo repudiandae id dolore. Amet impedit ipsa eum alias eos non animi explicabo.', 0, '2019-04-21 09:26:11', '2019-04-21 09:26:11'),
(6, 80, 'Janae Johnson', 'Dolor qui ipsum dolor est adipisci repellendus delectus. Aspernatur voluptas vitae expedita inventore doloremque non. Qui aut sed sapiente.', 4, '2019-04-21 09:26:11', '2019-04-21 09:26:11'),
(7, 55, 'Mr. Devante Bruen DDS', 'Autem molestiae repellendus vel dolorem ut. Qui placeat voluptatem eum enim. Eaque placeat alias exercitationem est odit mollitia mollitia voluptatem. Sint sint aut in et praesentium eum hic.', 2, '2019-04-21 09:26:11', '2019-04-21 09:26:11'),
(8, 29, 'Bailee Fisher III', 'At qui nihil expedita nulla vitae. Rerum eveniet ullam dolor provident. Veritatis ipsa fugit consequatur. Eligendi quam et et sint.', 1, '2019-04-21 09:26:11', '2019-04-21 09:26:11'),
(9, 77, 'Wilfred Crist', 'Vero similique sequi quam consequuntur minima quis illum. Est quibusdam et veniam autem laudantium rem esse. Doloribus magni optio eum qui id sint sed. Id enim cum facilis delectus velit.', 2, '2019-04-21 09:26:11', '2019-04-21 09:26:11'),
(10, 9, 'Mrs. Anne Cole IV', 'Veniam quisquam quia consequatur voluptatem. Aut tempora laborum excepturi necessitatibus aperiam iusto accusamus ipsam. Facilis odit voluptates ea omnis cupiditate. Magnam molestias sed quo nihil saepe aut suscipit ducimus.', 4, '2019-04-21 09:26:11', '2019-04-21 09:26:11'),
(11, 63, 'Marlene Marks I', 'Vel eveniet natus eius ea voluptatem impedit. Sit dolorum dolor tempora ex. Est omnis vero alias aliquid repudiandae eum. Quis ut et consequatur voluptatem rem saepe.', 5, '2019-04-21 09:26:11', '2019-04-21 09:26:11'),
(12, 65, 'Burnice Homenick', 'Rem laudantium veniam sit incidunt consectetur omnis sit. Assumenda eius explicabo sit illum. Labore laudantium minus autem quo quia.', 2, '2019-04-21 09:26:11', '2019-04-21 09:26:11'),
(13, 68, 'Nicholaus Carroll', 'In voluptatem pariatur sunt praesentium quos. Molestiae doloribus veniam sed atque. Cum corrupti nesciunt rerum commodi. Quisquam distinctio quis molestiae. Aspernatur omnis reprehenderit molestiae.', 2, '2019-04-21 09:26:11', '2019-04-21 09:26:11'),
(14, 70, 'Jedidiah Goldner', 'Sed possimus a quisquam aut natus esse. Illum voluptas suscipit vitae eveniet nobis rerum dolor. Atque atque quia temporibus ut quisquam aliquam recusandae.', 1, '2019-04-21 09:26:11', '2019-04-21 09:26:11'),
(15, 20, 'Dr. Anais Schuster', 'Dolor nisi magnam distinctio ut. Tenetur ipsa minima maxime ratione laboriosam. Labore eius non quam dolores est.', 3, '2019-04-21 09:26:11', '2019-04-21 09:26:11'),
(16, 65, 'Afton Pouros', 'Distinctio et aperiam et est rerum temporibus. Illo laudantium similique et odit a ratione voluptas necessitatibus. Culpa ad voluptatum quasi ullam ad et sit. Eius et omnis nobis.', 4, '2019-04-21 09:26:11', '2019-04-21 09:26:11'),
(17, 68, 'Christiana Durgan', 'Quae aliquam ut ratione temporibus distinctio. Aliquam ut cupiditate quia laboriosam id incidunt. Ea dolorum pariatur id. Nulla et veniam ratione expedita nulla.', 3, '2019-04-21 09:26:11', '2019-04-21 09:26:11'),
(18, 67, 'Favian Dach', 'Totam enim sit sapiente corrupti quibusdam unde. Dolorem aperiam esse beatae qui esse est corrupti. Neque et et sit. Ex magnam alias ut quos ipsam adipisci vel.', 1, '2019-04-21 09:26:11', '2019-04-21 09:26:11'),
(19, 67, 'Mrs. Keira Funk', 'Sapiente ut unde neque eum iste harum enim explicabo. Voluptates numquam sint voluptatum molestias facere. Nemo consequatur voluptatum distinctio quia in ipsa architecto. Ad similique velit itaque perspiciatis facilis accusamus fugit sed.', 5, '2019-04-21 09:26:11', '2019-04-21 09:26:11'),
(20, 64, 'Prof. Cassandra DuBuque', 'Soluta sapiente sed numquam quia sed. Quod quo laboriosam debitis nisi. Et sed illo in.', 2, '2019-04-21 09:26:11', '2019-04-21 09:26:11'),
(21, 31, 'Barton Sauer', 'Quisquam ut ex deleniti harum eum. Libero doloremque sit in occaecati. Atque blanditiis deleniti doloribus omnis sint. Nostrum aspernatur asperiores ratione labore pariatur.', 3, '2019-04-21 09:26:11', '2019-04-21 09:26:11'),
(22, 75, 'Dr. Dashawn Goldner MD', 'Voluptates soluta quisquam sunt. Atque voluptas vel illo qui dignissimos rerum hic. Aut numquam excepturi eius et eveniet omnis. Dicta commodi facere aperiam eligendi inventore. Similique iure sit quo non voluptate labore illum.', 0, '2019-04-21 09:26:11', '2019-04-21 09:26:11'),
(23, 98, 'Adrian Brown', 'Tenetur sed molestiae placeat atque. Maiores vel perferendis omnis eos architecto velit eius blanditiis. Dolor autem at ut. Commodi odio quisquam dicta voluptates dolorem. Est rerum eos consequuntur doloremque facere fugit reprehenderit.', 4, '2019-04-21 09:26:11', '2019-04-21 09:26:11'),
(24, 37, 'Carmine Smith', 'Enim pariatur dicta odio natus et hic quibusdam. Aut nesciunt aperiam sint quod voluptate.', 3, '2019-04-21 09:26:11', '2019-04-21 09:26:11'),
(25, 28, 'Georgiana Trantow', 'Cum quaerat ut quia repellendus voluptates sed illum. Animi quia vitae iste facere facere. Nihil ipsam perferendis aut voluptatum qui tenetur debitis. Asperiores et eum dolorem voluptates voluptatum praesentium molestias. Earum aperiam sint et magni.', 1, '2019-04-21 09:26:11', '2019-04-21 09:26:11'),
(26, 92, 'Sandy Kemmer', 'Reprehenderit sit vel eos voluptas doloremque ullam sit sunt. Cupiditate suscipit rerum amet consequatur facere. At architecto sed sint unde. Delectus consequatur reiciendis saepe quo rem sint sunt odio.', 0, '2019-04-21 09:26:11', '2019-04-21 09:26:11'),
(27, 35, 'Pedro Boehm', 'Praesentium aperiam eaque odio eum sunt sunt facere. Est quos debitis quidem quia. Et exercitationem nostrum impedit debitis molestiae quibusdam. Error delectus ipsum quisquam aspernatur consequatur itaque.', 0, '2019-04-21 09:26:11', '2019-04-21 09:26:11'),
(28, 98, 'Libby Schimmel', 'Cupiditate recusandae quia autem totam odit qui facilis laborum. Vel ut architecto qui provident id. Esse veritatis aut omnis et. Ab exercitationem sequi necessitatibus.', 2, '2019-04-21 09:26:12', '2019-04-21 09:26:12'),
(29, 94, 'Era Kihn', 'Sit qui alias ab quam tempore velit et et. Velit assumenda atque aut ab sit. Explicabo aut tenetur assumenda est ex. Qui nulla voluptas quo eligendi nostrum odit occaecati.', 5, '2019-04-21 09:26:12', '2019-04-21 09:26:12'),
(30, 21, 'Gabriella Bashirian', 'Itaque eaque quia aut reprehenderit temporibus dicta. Et suscipit tenetur quia cupiditate nihil molestiae rem. Distinctio ullam velit voluptates excepturi velit atque quas. Eum quibusdam nostrum vel labore.', 5, '2019-04-21 09:26:12', '2019-04-21 09:26:12'),
(31, 95, 'Hobart Ullrich II', 'Eos porro et quisquam quia. Porro unde pariatur officiis est. Et tempora dolorum earum veritatis sit. Labore neque non aspernatur itaque voluptatibus dignissimos ea voluptatum.', 3, '2019-04-21 09:26:12', '2019-04-21 09:26:12'),
(32, 17, 'Mr. Erik Pagac', 'Corporis at ut est hic sapiente unde. Sunt voluptatibus incidunt quo nisi doloribus et illum quas. Eaque repudiandae dolorem voluptas dolorem omnis incidunt ex.', 4, '2019-04-21 09:26:12', '2019-04-21 09:26:12'),
(33, 70, 'Osborne Haag', 'Aut earum debitis recusandae molestiae tempore quisquam odit. Aperiam animi reprehenderit nemo velit rem voluptas. Molestiae ut doloremque voluptatem rerum cupiditate.', 5, '2019-04-21 09:26:12', '2019-04-21 09:26:12'),
(34, 56, 'Dr. Declan Rippin Sr.', 'Eius reprehenderit aut in ipsum. Amet sint aut deserunt consequatur dolor sit. Fugit dicta placeat et iure enim sed. Expedita incidunt eos qui saepe.', 1, '2019-04-21 09:26:12', '2019-04-21 09:26:12'),
(35, 92, 'Susan Koelpin', 'Magni nostrum sint laboriosam vitae corrupti consectetur reprehenderit. Officia iusto voluptates sed doloremque aperiam dolor nesciunt. Sed quis qui rerum eaque.', 2, '2019-04-21 09:26:12', '2019-04-21 09:26:12'),
(36, 5, 'Vito Rodriguez', 'Dolores et ut dolores nulla animi magni. Pariatur ratione eveniet culpa vero et consequuntur vel. Sapiente dolores nulla nihil officia sit. Mollitia expedita voluptatem eum aut quidem.', 5, '2019-04-21 09:26:12', '2019-04-21 09:26:12'),
(37, 13, 'Willa Kub DVM', 'Vel velit quo in ad suscipit eum sit. Ea distinctio qui esse quidem qui. Dolores quia laudantium in consequatur quae tenetur autem.', 5, '2019-04-21 09:26:12', '2019-04-21 09:26:12'),
(38, 94, 'Shana Weimann', 'Qui voluptatem at provident sunt doloribus cupiditate. Aut vel in qui nostrum. Modi ad nostrum vitae dolorem eaque minus.', 3, '2019-04-21 09:26:12', '2019-04-21 09:26:12'),
(39, 35, 'Addie O\'Conner', 'Quidem dolorem et doloribus in quasi. Totam sit nostrum iusto nulla dolor accusamus ratione. Ut repellat commodi voluptatem consequatur nulla sequi voluptatem.', 5, '2019-04-21 09:26:12', '2019-04-21 09:26:12'),
(40, 73, 'Chet Windler', 'Repudiandae nesciunt maiores quisquam eum. Molestiae earum explicabo magni deserunt. Est laudantium quidem incidunt ad assumenda aspernatur.', 3, '2019-04-21 09:26:12', '2019-04-21 09:26:12'),
(41, 65, 'Dr. Ignatius Murazik', 'Fuga omnis quo minima impedit voluptatibus. Earum consequatur ipsa harum. Rerum facere sed quisquam maxime.', 3, '2019-04-21 09:26:12', '2019-04-21 09:26:12'),
(42, 79, 'Lilly Greenfelder IV', 'Doloremque animi labore vitae velit quis dolor nihil. Incidunt aut ut molestiae sapiente. Delectus optio quam esse distinctio vel ipsam. Quibusdam eaque ipsa sequi totam eius totam animi.', 5, '2019-04-21 09:26:12', '2019-04-21 09:26:12'),
(43, 33, 'Helmer Kozey IV', 'Quis voluptatibus quia et et eos et. Quibusdam ullam voluptatem autem voluptas. Culpa et velit ad qui adipisci quo et voluptatibus.', 4, '2019-04-21 09:26:12', '2019-04-21 09:26:12'),
(44, 97, 'Dr. Sydnie Bernhard PhD', 'Maxime velit aut ipsa labore quis et. Iure aut voluptate dignissimos. Totam enim at voluptates dolorem. Rerum aliquam assumenda et consequatur quo. Vel neque aperiam vel accusamus perferendis.', 4, '2019-04-21 09:26:12', '2019-04-21 09:26:12'),
(45, 37, 'Kendra Breitenberg I', 'Expedita totam voluptatem nemo. Ullam atque dolores est consequatur. Commodi possimus cum exercitationem non nam itaque. Pariatur ea id necessitatibus perspiciatis praesentium harum tempore.', 2, '2019-04-21 09:26:12', '2019-04-21 09:26:12'),
(46, 76, 'Jocelyn Buckridge', 'Ipsa perferendis quaerat porro quam exercitationem. Aut quo quia et. Ratione maxime minima reprehenderit aut modi porro at velit.', 3, '2019-04-21 09:26:12', '2019-04-21 09:26:12'),
(47, 35, 'Dr. Berniece Thiel', 'Ad voluptatum eos voluptatem voluptas iste. Et in veniam rerum deserunt tempore. Perspiciatis iste id sunt. Beatae velit est accusamus et autem. Ut laborum harum libero commodi asperiores magni quo.', 2, '2019-04-21 09:26:12', '2019-04-21 09:26:12'),
(48, 3, 'Erna Witting', 'Provident doloribus sit odit vel vero id. Nam eligendi tempore officiis odio ex dolorum perferendis. Nisi eaque in est aliquid occaecati iusto.', 3, '2019-04-21 09:26:12', '2019-04-21 09:26:12'),
(49, 85, 'Prof. Marguerite Fay II', 'Inventore ipsa neque inventore earum non amet. Illo rerum perspiciatis culpa adipisci.', 0, '2019-04-21 09:26:12', '2019-04-21 09:26:12'),
(50, 91, 'Martina Hilpert', 'Iure natus velit dolores itaque nisi accusamus. Quibusdam dolores ut omnis. Sed ea ipsam est quo. Libero atque reprehenderit debitis ut magnam quia omnis repellat. Sit maiores a aut asperiores quo.', 4, '2019-04-21 09:26:12', '2019-04-21 09:26:12'),
(51, 53, 'Lenora White', 'Facilis modi et occaecati eligendi velit quisquam. Vero sed quo sed vel aut non.', 0, '2019-04-21 09:26:12', '2019-04-21 09:26:12'),
(52, 33, 'Alexandrine Mertz', 'Quia nostrum quaerat et laboriosam perferendis alias eligendi. Consequatur nisi iusto aut consequatur. Accusamus minima aliquam veniam inventore consequatur. Aut assumenda et dolorem illum.', 3, '2019-04-21 09:26:12', '2019-04-21 09:26:12'),
(53, 60, 'Lukas Keeling DVM', 'Itaque ea error veritatis hic labore eveniet consequatur repellendus. Soluta ullam harum rerum. Fugit neque rerum unde voluptatem et.', 3, '2019-04-21 09:26:12', '2019-04-21 09:26:12'),
(54, 17, 'Jillian Luettgen I', 'Mollitia dicta iusto ex molestiae. Nobis ratione et et tempora. Voluptatem eaque fugiat autem laudantium. Dolorem ipsa libero pariatur rerum tempora a.', 2, '2019-04-21 09:26:12', '2019-04-21 09:26:12'),
(55, 8, 'Gaston Gutkowski', 'Dolorem porro earum et inventore. Iusto porro voluptas nostrum officiis. Laboriosam voluptatum eum et totam qui debitis nisi libero.', 1, '2019-04-21 09:26:13', '2019-04-21 09:26:13'),
(56, 95, 'Verner Stiedemann', 'Quis minima consequuntur illum est labore nihil doloremque. Totam incidunt voluptas nihil.', 5, '2019-04-21 09:26:13', '2019-04-21 09:26:13'),
(57, 88, 'Ford Heller', 'Eius aperiam tempore fugit ut voluptas. Et quasi ducimus cum libero. Non sed laborum amet eum possimus quod explicabo.', 1, '2019-04-21 09:26:13', '2019-04-21 09:26:13'),
(58, 86, 'Norene Macejkovic V', 'Est ea aut voluptatem accusantium sit perferendis ex. Aut alias qui vel repudiandae sequi. Error nisi illum maxime minima consequatur enim. Rem et aut adipisci amet. Maiores aut fugit atque quae rerum facere totam.', 4, '2019-04-21 09:26:13', '2019-04-21 09:26:13'),
(59, 65, 'Oral Padberg', 'Ea dolore quibusdam nobis similique quod. Ipsam error aliquam consectetur ipsum eos veritatis et esse. Et est nihil quidem sint aperiam labore.', 1, '2019-04-21 09:26:13', '2019-04-21 09:26:13'),
(60, 83, 'Drake Block', 'Iusto rerum sunt architecto debitis dolor. Consequatur qui dolor optio. Perspiciatis id qui dignissimos fugit. Iste rerum fuga porro ipsam aut minus cum.', 5, '2019-04-21 09:26:13', '2019-04-21 09:26:13'),
(61, 42, 'Miss Luella Schroeder', 'Sunt ullam et ipsum iure magnam eum. Cumque sunt dolorem illum qui sit et cupiditate. Qui qui vero dolores in sequi dolorem eveniet consequuntur.', 2, '2019-04-21 09:26:13', '2019-04-21 09:26:13'),
(62, 20, 'Mr. Jimmie Sporer Sr.', 'Nemo animi fuga minima sunt. Est hic ut non qui quos animi. Perferendis et ipsum voluptates accusantium libero vitae accusamus alias. Cumque ut ut saepe nulla quia ut.', 2, '2019-04-21 09:26:13', '2019-04-21 09:26:13'),
(63, 17, 'Rosendo Stark', 'At impedit doloribus aut rem eos et. Molestiae vel similique repellat incidunt pariatur odio reiciendis. Consequatur qui excepturi expedita est ut quam qui voluptas.', 5, '2019-04-21 09:26:13', '2019-04-21 09:26:13'),
(64, 57, 'Verna Kuhlman', 'Voluptate modi ut minima reiciendis in non sed. Consequatur omnis sint sed. Tenetur voluptatem officia quae debitis alias corrupti et. Architecto suscipit rerum perspiciatis consequatur eos.', 0, '2019-04-21 09:26:13', '2019-04-21 09:26:13'),
(65, 100, 'Elisabeth Feest', 'Inventore dolorem harum rerum. Qui placeat suscipit ipsam corrupti illo sed. Quia facilis cumque fugit eum accusamus quas. Autem dicta explicabo odit expedita.', 0, '2019-04-21 09:26:13', '2019-04-21 09:26:13'),
(66, 55, 'Roberta Stroman', 'Quis et sapiente minus commodi suscipit eum labore. At nemo deleniti magni quisquam assumenda. Reprehenderit vel ut id. Aut sed rerum autem ea nihil.', 1, '2019-04-21 09:26:13', '2019-04-21 09:26:13'),
(67, 37, 'Audreanne Harris', 'Sed ipsum voluptatem commodi repellat sit omnis. Voluptatem accusantium eaque et magnam necessitatibus modi. Commodi et aut corrupti non architecto fugiat fuga ullam. Doloribus non exercitationem optio in qui.', 3, '2019-04-21 09:26:13', '2019-04-21 09:26:13'),
(68, 53, 'Nayeli Trantow', 'Minima rerum quod aliquam quaerat adipisci deleniti impedit. Laborum ad ipsa rem distinctio itaque deleniti voluptate. Iste unde et voluptas.', 0, '2019-04-21 09:26:13', '2019-04-21 09:26:13'),
(69, 35, 'Darren Volkman', 'Ad accusantium deserunt non consequatur. Est labore earum quaerat enim. Neque mollitia occaecati officiis. Dolorem repellat voluptas dolorem est vel numquam.', 2, '2019-04-21 09:26:13', '2019-04-21 09:26:13'),
(70, 41, 'Ms. Christelle Wilderman', 'Est nesciunt eaque quo occaecati ut nisi neque ipsam. Dolorum debitis doloremque est dolor accusamus. Rerum veniam eius consectetur voluptas.', 4, '2019-04-21 09:26:13', '2019-04-21 09:26:13'),
(71, 10, 'Elisabeth Boehm', 'Incidunt explicabo vitae doloribus nobis. Debitis dolores ut consequatur modi officiis recusandae. Nihil illum quos consequatur repellendus. Dolorum suscipit quod quam et aut rerum.', 4, '2019-04-21 09:26:13', '2019-04-21 09:26:13'),
(72, 2, 'Prof. Jason Dooley IV', 'Optio explicabo dolores nam eaque adipisci. Voluptatem maiores necessitatibus est omnis culpa hic. Qui voluptas quos laborum sunt.', 3, '2019-04-21 09:26:13', '2019-04-21 09:26:13'),
(73, 14, 'Desmond Shields', 'Accusantium nihil labore temporibus laborum aut. Explicabo et enim ut praesentium nam. Corporis quasi itaque alias esse. Aperiam deleniti placeat sed optio. Recusandae excepturi eum omnis dolorem doloremque architecto.', 0, '2019-04-21 09:26:13', '2019-04-21 09:26:13'),
(74, 58, 'Gail Murphy', 'Ducimus a eius nemo. Molestiae adipisci fugiat doloribus rem. Aut et exercitationem ab a et eligendi.', 1, '2019-04-21 09:26:13', '2019-04-21 09:26:13'),
(75, 33, 'Deshaun Kohler', 'Et voluptas aut dignissimos nam quod eius reiciendis id. Illo qui commodi rerum sit. Rerum ut dolorem assumenda aut.', 2, '2019-04-21 09:26:13', '2019-04-21 09:26:13'),
(76, 88, 'Prof. Eudora Mante I', 'Autem ut repellendus nihil quae omnis. Sint quibusdam eum et omnis. Fugiat dolorem placeat consectetur occaecati.', 1, '2019-04-21 09:26:14', '2019-04-21 09:26:14'),
(77, 43, 'Prof. Llewellyn Streich', 'Eligendi laborum voluptatem dolorem dolores sint recusandae cum. Repellendus laudantium blanditiis sequi enim. Corrupti cupiditate animi repellendus fugit.', 5, '2019-04-21 09:26:14', '2019-04-21 09:26:14'),
(78, 38, 'Miss Therese Grady V', 'Vero cupiditate earum dignissimos vitae dicta sunt. Recusandae odio aspernatur aperiam facilis itaque. Dolore officia doloremque non. Error est voluptatum tempore dolor. Esse deleniti veniam harum nobis.', 0, '2019-04-21 09:26:14', '2019-04-21 09:26:14'),
(79, 13, 'Dovie Sawayn', 'Sunt eveniet quis unde consequuntur. Fuga accusamus eligendi sed dolor labore.', 3, '2019-04-21 09:26:14', '2019-04-21 09:26:14'),
(80, 1, 'Erna Auer DVM', 'Dolores maiores sed molestiae et pariatur perferendis quia aperiam. Qui cupiditate sed mollitia ipsum mollitia beatae autem. Dolores incidunt et magni consequuntur ducimus expedita tempore. Qui eum aut dolores exercitationem velit.', 5, '2019-04-21 09:26:14', '2019-04-21 09:26:14'),
(81, 75, 'Destiny Bergstrom', 'Ea facere repudiandae consequatur eveniet aut aspernatur placeat porro. Maxime debitis ea enim iure illum. Esse laudantium debitis voluptatum sequi.', 4, '2019-04-21 09:26:14', '2019-04-21 09:26:14'),
(82, 28, 'Randy Hill', 'Autem qui cum rerum omnis accusantium quas. Facilis cum et aut vel. Voluptas ea ut eum autem deserunt qui.', 3, '2019-04-21 09:26:14', '2019-04-21 09:26:14'),
(83, 54, 'Prof. Elliott Romaguera DDS', 'Est similique animi voluptas quo qui beatae. Non fugiat illum ad nam voluptate eligendi accusantium.', 2, '2019-04-21 09:26:14', '2019-04-21 09:26:14'),
(84, 42, 'Kavon Abernathy', 'Quos nisi eaque totam id consectetur. Fugiat molestiae sapiente necessitatibus quia reiciendis laboriosam. Vel libero officiis nisi voluptatem pariatur. Qui dolores totam possimus. Vel enim quos itaque officiis esse et et.', 0, '2019-04-21 09:26:14', '2019-04-21 09:26:14'),
(85, 59, 'Bianka Borer', 'Quia voluptas libero sint sapiente. Ea amet accusantium voluptatum blanditiis veritatis.', 3, '2019-04-21 09:26:14', '2019-04-21 09:26:14'),
(86, 14, 'Mckenzie Erdman', 'Sint saepe excepturi modi est. Optio commodi molestiae ab aliquam. Et qui facere similique consequatur dolore soluta voluptatum ab.', 1, '2019-04-21 09:26:14', '2019-04-21 09:26:14'),
(87, 49, 'Carolina Bashirian IV', 'Labore blanditiis quae voluptatem perferendis quod rerum suscipit. Laudantium omnis expedita magni mollitia cumque. Ducimus facere enim nulla et veritatis odio. Enim et voluptatibus quisquam quae.', 5, '2019-04-21 09:26:14', '2019-04-21 09:26:14'),
(88, 76, 'Diana Bernier', 'Molestias nisi et optio. Accusantium voluptas ratione illum eligendi totam hic ut. Maiores veniam et asperiores rem aliquid omnis nostrum.', 0, '2019-04-21 09:26:14', '2019-04-21 09:26:14'),
(89, 73, 'Hallie Goyette Jr.', 'Quo dolores dolor dicta. Non dignissimos est velit blanditiis nihil eos. Quibusdam nam enim voluptatem.', 3, '2019-04-21 09:26:14', '2019-04-21 09:26:14'),
(90, 15, 'Emma Kuhic', 'Eum ut quaerat sunt. Nesciunt est nemo architecto eos voluptatibus. Ut corrupti quis reiciendis.', 3, '2019-04-21 09:26:14', '2019-04-21 09:26:14'),
(91, 67, 'Ben Koss MD', 'Et quia tempore aut possimus. Magni repellat explicabo quibusdam voluptatem reiciendis. Doloremque soluta veritatis quas consequatur in sequi. Harum nihil sed voluptates sit tempore vitae.', 1, '2019-04-21 09:26:14', '2019-04-21 09:26:14'),
(92, 5, 'Rhea Nader', 'Consectetur quia eos debitis id assumenda nam. Consequatur sit eos exercitationem dolores aut labore. Aliquid necessitatibus quis unde. Incidunt sit enim debitis omnis et velit temporibus.', 3, '2019-04-21 09:26:14', '2019-04-21 09:26:14'),
(93, 81, 'Rosalyn Ankunding', 'Fuga porro aliquid dolore odio quis. Dignissimos magni rerum officia sint totam sequi iste. Quia consequatur vel et reprehenderit tempore natus omnis. Quia necessitatibus maxime omnis neque qui officia.', 4, '2019-04-21 09:26:14', '2019-04-21 09:26:14'),
(94, 21, 'Ignacio Bogisich', 'Dolorem qui vel officia earum inventore. Rerum architecto et consectetur magnam ducimus quia rem debitis. Et non dolores sit qui commodi ut.', 4, '2019-04-21 09:26:14', '2019-04-21 09:26:14'),
(95, 73, 'Nikita Koss', 'Voluptas quae ipsum magnam harum. Aliquam commodi qui consequatur. Nisi deserunt perspiciatis dolore delectus. Minus aut cumque omnis id. Blanditiis ullam quos minima et quia.', 1, '2019-04-21 09:26:14', '2019-04-21 09:26:14'),
(96, 94, 'Lelia Spinka', 'Facere minima dolor maiores nisi perspiciatis at. Aliquid repellendus maxime quia dolor. Est labore similique earum. A ullam reiciendis tenetur reprehenderit.', 0, '2019-04-21 09:26:14', '2019-04-21 09:26:14'),
(97, 70, 'Mayra Nicolas', 'Accusantium deleniti eum nihil in suscipit. Doloremque molestiae neque beatae nemo cumque soluta voluptatibus. Provident ea molestiae optio. Iste rerum perspiciatis fugiat ut ullam beatae ad.', 5, '2019-04-21 09:26:14', '2019-04-21 09:26:14'),
(98, 41, 'Mr. Rudolph Yost', 'Officia eum quas numquam blanditiis impedit saepe. Ea dolores maiores consequuntur dolores optio. Minima ex voluptas blanditiis aut rerum et. Enim quaerat error et velit.', 0, '2019-04-21 09:26:14', '2019-04-21 09:26:14'),
(99, 30, 'Judson Hill', 'Vel eius consectetur est maxime nisi. Esse reprehenderit ut suscipit quia error et quos est. Quia consectetur perferendis enim sequi eos. Quos fugit temporibus voluptatibus cumque et voluptas harum dolorum. Veritatis voluptate quasi et nemo consequuntur sed cum.', 5, '2019-04-21 09:26:14', '2019-04-21 09:26:14'),
(100, 66, 'Jackeline West', 'Repudiandae atque aperiam temporibus minima. Blanditiis ipsum placeat saepe enim vero. Nisi modi exercitationem unde voluptas eaque fugit. Autem ipsa qui commodi aperiam eos excepturi qui.', 4, '2019-04-21 09:26:14', '2019-04-21 09:26:14'),
(101, 14, 'Delilah Wolf', 'Sed modi eligendi et mollitia voluptas et officiis cumque. Omnis est cupiditate occaecati harum. Et accusamus deserunt eveniet quo magni culpa quia. Et dicta deserunt distinctio animi repellendus animi.', 4, '2019-04-21 09:26:14', '2019-04-21 09:26:14'),
(102, 24, 'Alice Lubowitz', 'Fugiat incidunt reprehenderit ut ex. Architecto eum id id eaque veniam. Autem eaque deserunt ipsum beatae accusantium.', 1, '2019-04-21 09:26:15', '2019-04-21 09:26:15'),
(103, 89, 'Catharine Kunde', 'Porro aut aut dignissimos minus ipsa eos. Necessitatibus doloremque molestiae aspernatur iure dolores qui nesciunt dolorem. Porro dolorum culpa illum consequatur voluptatem dolor.', 4, '2019-04-21 09:26:15', '2019-04-21 09:26:15'),
(104, 65, 'Opal O\'Keefe II', 'Harum quos quia ullam ut. Adipisci corporis quod explicabo quisquam. Labore laborum quia exercitationem voluptatem vitae non. Iste autem voluptatum consequatur hic repudiandae exercitationem ea.', 5, '2019-04-21 09:26:15', '2019-04-21 09:26:15'),
(105, 61, 'Dr. Erik Kuvalis', 'Sed ad quasi eum qui tempora blanditiis. Quod unde dolores esse fugiat et. Aut enim repudiandae at sit quia ratione veritatis.', 2, '2019-04-21 09:26:15', '2019-04-21 09:26:15'),
(106, 14, 'Jewel Walter', 'Ducimus ex numquam amet autem. Magnam iste in et ea et. Cupiditate magni iste et vero.', 0, '2019-04-21 09:26:15', '2019-04-21 09:26:15'),
(107, 62, 'Landen Fritsch', 'Ipsum est consequatur culpa. Laborum porro sit veniam id pariatur dolores. Est pariatur aut expedita beatae. Nostrum minus saepe dolorem ullam est itaque.', 3, '2019-04-21 09:26:15', '2019-04-21 09:26:15'),
(108, 12, 'Ibrahim Strosin', 'Sint earum dolorem qui reiciendis reiciendis velit. Molestiae qui cumque beatae molestias. Voluptatem repudiandae suscipit sunt itaque deserunt occaecati molestiae.', 1, '2019-04-21 09:26:15', '2019-04-21 09:26:15'),
(109, 85, 'Lysanne Gleason', 'Quia labore rem quaerat maiores non eum. Rerum sint quia rerum itaque dolorem ipsa molestiae. Iste ipsa minima fugiat qui eveniet temporibus voluptas.', 1, '2019-04-21 09:26:15', '2019-04-21 09:26:15'),
(110, 100, 'Prof. Javonte Trantow Jr.', 'Possimus quod labore dolor voluptatem odit est delectus. Debitis saepe doloremque unde praesentium. Repellat sed tempora enim ullam voluptas sint quam harum. Inventore natus qui consequuntur porro est itaque.', 2, '2019-04-21 09:26:15', '2019-04-21 09:26:15'),
(111, 94, 'Melyna Mills', 'Quia consectetur explicabo consequatur delectus eveniet illum non. Ut sint numquam quia et ullam quis. Non ratione ex eos perferendis quam fugit.', 1, '2019-04-21 09:26:15', '2019-04-21 09:26:15'),
(112, 53, 'Lance Terry', 'Quis porro id eum quidem consequuntur provident eos. Ipsam voluptates possimus eveniet est. Est sit architecto voluptas aut. Quod aliquid itaque est dicta laborum recusandae et.', 4, '2019-04-21 09:26:15', '2019-04-21 09:26:15'),
(113, 24, 'Prof. Abigail Kassulke', 'Quia omnis beatae nemo. In aut quia atque ratione quia vel. Perferendis dolores est tempore eos ut commodi.', 4, '2019-04-21 09:26:15', '2019-04-21 09:26:15'),
(114, 38, 'Chad Wisoky', 'Perspiciatis nobis quo aut aut optio unde. Voluptas sapiente quasi illo minus blanditiis quis. Porro sit incidunt delectus voluptatem ullam architecto aut. Velit provident totam sit deleniti hic.', 1, '2019-04-21 09:26:15', '2019-04-21 09:26:15'),
(115, 89, 'Dr. Matteo Steuber PhD', 'Excepturi ex consequuntur dolores magnam non autem. Et id inventore sequi dolorem voluptas. Similique neque dicta laudantium distinctio rem totam modi.', 1, '2019-04-21 09:26:15', '2019-04-21 09:26:15'),
(116, 73, 'Elfrieda Hamill III', 'Nesciunt amet quia dolor quis reiciendis. Nostrum corrupti non velit accusantium quo. Quia exercitationem rerum sit amet fugit. Placeat ut ad error tempore illo.', 5, '2019-04-21 09:26:15', '2019-04-21 09:26:15'),
(117, 15, 'Ewell Mante DVM', 'Qui dignissimos perferendis repudiandae aut minus nemo omnis dolores. Dolorem similique sequi repellat quo autem. Suscipit nulla velit incidunt occaecati.', 4, '2019-04-21 09:26:15', '2019-04-21 09:26:15'),
(118, 88, 'Joan West', 'Et enim ut sint. Ut enim consequatur esse incidunt quam quam sit. Tempore tenetur reprehenderit aut odio voluptatibus. Saepe ut non quasi provident commodi. Perspiciatis eaque sint animi.', 3, '2019-04-21 09:26:15', '2019-04-21 09:26:15'),
(119, 7, 'Miss Mable Will', 'Ullam dignissimos excepturi est exercitationem id. Sunt quae ut provident dolorem voluptas id.', 1, '2019-04-21 09:26:15', '2019-04-21 09:26:15'),
(120, 92, 'Adrianna Boehm DDS', 'Et sed et in officiis distinctio aut magni. Nam exercitationem iste dolor nam voluptate odit incidunt. Vel et eos corporis ratione est.', 1, '2019-04-21 09:26:15', '2019-04-21 09:26:15'),
(121, 93, 'Lila Miller', 'Fugiat ea at voluptas omnis. Laborum perferendis facilis totam corporis aut sequi adipisci. Et inventore quo quia. Optio doloremque enim autem eos ducimus maiores fugit.', 1, '2019-04-21 09:26:15', '2019-04-21 09:26:15'),
(122, 36, 'Jeromy Lesch Jr.', 'Esse dolorum explicabo esse omnis. Aspernatur inventore sed aut. Repellendus minus quo quas a sapiente adipisci eum.', 4, '2019-04-21 09:26:15', '2019-04-21 09:26:15'),
(123, 72, 'Miss Camille Nicolas II', 'Illum occaecati qui cupiditate inventore sapiente. Delectus voluptatem minima porro. Rerum sed dignissimos et qui dolorum nam molestiae. Consequatur doloribus vitae quia. Quia veniam aut accusantium.', 5, '2019-04-21 09:26:15', '2019-04-21 09:26:15'),
(124, 22, 'Alta Zulauf', 'Officiis sunt itaque ex veniam laboriosam nihil. Quasi consequatur ipsum voluptatem molestiae quo. Qui et architecto est in voluptatem ducimus est. Ut est pariatur doloremque accusamus ea doloribus eligendi.', 5, '2019-04-21 09:26:15', '2019-04-21 09:26:15'),
(125, 28, 'Lauretta Gutmann', 'Voluptate veniam voluptates nihil. Quo ipsum velit alias nihil voluptas. Molestias ducimus at in nemo aut. Necessitatibus qui excepturi dolorem enim et eum aliquam laborum. Earum tempora nulla consequuntur autem autem cumque.', 0, '2019-04-21 09:26:15', '2019-04-21 09:26:15'),
(126, 28, 'Una Muller', 'Porro et aperiam nulla odio voluptate soluta. Nobis aut doloribus incidunt at porro et.', 1, '2019-04-21 09:26:15', '2019-04-21 09:26:15'),
(127, 80, 'Dr. Domingo Cormier', 'Sed maiores sunt ratione recusandae. Omnis adipisci sed consequatur incidunt necessitatibus adipisci unde. Sequi quia error sit nesciunt.', 3, '2019-04-21 09:26:15', '2019-04-21 09:26:15'),
(128, 93, 'Durward Beatty', 'Facere aliquam laudantium eum ad quia earum eligendi. Excepturi hic sit tenetur dolorum laboriosam dolor delectus molestiae. Qui quam cupiditate nemo repudiandae.', 1, '2019-04-21 09:26:16', '2019-04-21 09:26:16'),
(129, 94, 'Otha Reichert', 'Quae voluptatem sint aliquam laboriosam repellendus reiciendis ut. Qui rerum assumenda quia velit asperiores cupiditate. Soluta aliquam qui porro natus dicta ut. Id iure tempore impedit sit ducimus.', 5, '2019-04-21 09:26:16', '2019-04-21 09:26:16'),
(130, 99, 'Prof. Mara Kohler PhD', 'Veniam et ut dicta autem exercitationem. Totam repudiandae neque impedit repellat fuga libero quaerat. Assumenda doloribus optio consequatur nihil veniam inventore. Minima officiis et est at.', 3, '2019-04-21 09:26:16', '2019-04-21 09:26:16'),
(131, 52, 'Miss Ruby Corkery', 'Ut beatae qui corrupti illum qui animi. Accusantium sit suscipit tempora. Officiis velit voluptatibus atque quod. Dicta commodi aut repudiandae dignissimos.', 1, '2019-04-21 09:26:16', '2019-04-21 09:26:16'),
(132, 1, 'Constance Rolfson', 'Consequatur iure aliquid dolor harum maxime laborum corrupti reprehenderit. Sunt harum id dolorem nemo iste sed. Autem sed voluptatem consequatur atque cumque.', 3, '2019-04-21 09:26:16', '2019-04-21 09:26:16'),
(133, 69, 'Kade Batz', 'Nostrum enim et quod optio. Est omnis vitae cum fuga molestias rerum perspiciatis. Impedit eligendi voluptates ipsa odio rerum magni voluptatibus.', 2, '2019-04-21 09:26:16', '2019-04-21 09:26:16'),
(134, 90, 'Gonzalo Jast', 'Et deleniti sapiente cum dolores natus voluptatem voluptatem. Molestiae non id hic assumenda error numquam. Repudiandae qui necessitatibus est tempora consequatur.', 1, '2019-04-21 09:26:16', '2019-04-21 09:26:16'),
(135, 61, 'Donato Dibbert Jr.', 'Dolorum voluptas nihil quos. Nihil pariatur dicta qui qui sint earum delectus suscipit. Qui sed necessitatibus quas aperiam vitae eveniet ipsum.', 3, '2019-04-21 09:26:16', '2019-04-21 09:26:16'),
(136, 47, 'Brigitte Gulgowski', 'Quae aut dolore soluta quidem sed dicta. Omnis sit ut commodi nam voluptates eaque. Quaerat molestias molestias vitae dolores quia vero officia nihil. Earum pariatur consectetur dolor asperiores amet veritatis.', 2, '2019-04-21 09:26:16', '2019-04-21 09:26:16'),
(137, 63, 'Miss Emely Jenkins PhD', 'Sit impedit aut accusamus iste magnam sunt qui. Aut accusantium enim perferendis. Ut et sint omnis.', 1, '2019-04-21 09:26:16', '2019-04-21 09:26:16'),
(138, 17, 'Andrew Hagenes', 'Occaecati non libero consequuntur voluptate doloribus itaque. Dolor voluptas nobis rerum aliquid. Tenetur deserunt quia sit sunt.', 2, '2019-04-21 09:26:16', '2019-04-21 09:26:16'),
(139, 58, 'Shyanne Waelchi III', 'Quibusdam et aliquid praesentium quaerat. Omnis earum aut nulla debitis. Nam molestiae nihil harum debitis.', 3, '2019-04-21 09:26:16', '2019-04-21 09:26:16'),
(140, 68, 'Alanis Bogan', 'Aliquam excepturi aperiam aut nihil. Culpa est iste nam magnam culpa cum. Modi velit culpa quas blanditiis dolorem fugit.', 5, '2019-04-21 09:26:16', '2019-04-21 09:26:16'),
(141, 92, 'Margot Kihn', 'In adipisci quis iusto ea enim ut error. Amet dolores aliquam et tenetur dicta facilis quia. Atque voluptas assumenda enim.', 1, '2019-04-21 09:26:16', '2019-04-21 09:26:16'),
(142, 43, 'Christ Smith Sr.', 'Est nostrum impedit dolorum et illo possimus. In pariatur provident deleniti illo et dignissimos nihil et. Quis praesentium consequatur reprehenderit a.', 1, '2019-04-21 09:26:16', '2019-04-21 09:26:16'),
(143, 86, 'Gia Schinner', 'Qui molestiae quo molestiae exercitationem et explicabo. Debitis et magni enim rerum labore veritatis molestias. Veniam consequatur unde nisi quidem aperiam quis. Fuga reiciendis repudiandae autem cupiditate sunt qui.', 1, '2019-04-21 09:26:16', '2019-04-21 09:26:16'),
(144, 48, 'Chanel Wolff', 'Doloremque consequatur dolorem adipisci dolores sit voluptas magni. Natus ipsam eos earum architecto. Quas natus non libero vitae nihil iure et dolor. Ea qui neque porro velit hic sed voluptatem rerum.', 5, '2019-04-21 09:26:16', '2019-04-21 09:26:16'),
(145, 60, 'Fanny Terry', 'Facilis sint nulla labore animi quos optio. Natus nisi omnis nobis magnam perspiciatis ut nobis quos. Soluta tempore et eum odit.', 2, '2019-04-21 09:26:16', '2019-04-21 09:26:16'),
(146, 77, 'Zetta Pagac', 'Aspernatur ut natus corrupti quia itaque alias eum. Quis tempora necessitatibus id atque placeat velit hic. Doloribus beatae et placeat necessitatibus quia molestiae et dolorem.', 0, '2019-04-21 09:26:16', '2019-04-21 09:26:16'),
(147, 85, 'Ms. Holly Feest', 'Ipsum ducimus et qui maiores impedit consequatur. Iusto expedita aspernatur rerum hic. Autem molestiae in iste doloribus voluptatem temporibus. Ut alias porro vel a vero voluptas architecto voluptas.', 3, '2019-04-21 09:26:16', '2019-04-21 09:26:16'),
(148, 4, 'Bret Wolf', 'Dolorem accusamus quas maxime voluptatibus in aut. Accusantium harum pariatur autem ratione aut quaerat. Est quis esse suscipit ut omnis quod temporibus eos.', 0, '2019-04-21 09:26:16', '2019-04-21 09:26:16'),
(149, 9, 'Rosanna Bashirian', 'Et nostrum velit distinctio dolor id similique esse. Nihil aliquid distinctio laborum error libero voluptates ad. Saepe nisi ducimus deserunt perferendis vitae. Asperiores nemo dignissimos aliquam impedit.', 1, '2019-04-21 09:26:16', '2019-04-21 09:26:16'),
(150, 93, 'Miss Pat Pfeffer DDS', 'Et rerum eum et quaerat dolorem voluptatum quo. Quas porro rem quidem nihil expedita. Quod ut odit nesciunt qui est aspernatur quis. Est reprehenderit est sunt.', 0, '2019-04-21 09:26:16', '2019-04-21 09:26:16'),
(151, 36, 'Ludwig Schroeder', 'Aut velit ex et tempora. Incidunt quam dolor ut qui reiciendis labore. Id necessitatibus totam quidem qui.', 0, '2019-04-21 09:26:16', '2019-04-21 09:26:16'),
(152, 66, 'Creola Yundt', 'Dolor reiciendis labore quia sequi eum. Quia magnam ea culpa libero qui iusto rerum adipisci. Fuga et nisi temporibus consequatur omnis omnis.', 3, '2019-04-21 09:26:16', '2019-04-21 09:26:16'),
(153, 57, 'Rosario Mueller', 'Perferendis sapiente facilis eius dignissimos est sunt aut maxime. Quia enim corporis dolores nostrum nam nulla. Dignissimos doloribus architecto placeat quas nulla accusantium. Sequi voluptatem atque eius ut voluptas. Et voluptates explicabo nostrum.', 4, '2019-04-21 09:26:16', '2019-04-21 09:26:16'),
(154, 74, 'Prof. Kole Parisian II', 'Et dolores velit repudiandae cum. Dolorum nisi sit voluptas est minima qui. Porro voluptatem animi impedit eos est.', 5, '2019-04-21 09:26:16', '2019-04-21 09:26:16'),
(155, 14, 'Prof. Dangelo Ryan', 'Beatae non at quibusdam ipsam. Perferendis animi distinctio et ut illo. Sint natus velit et rem ipsum.', 1, '2019-04-21 09:26:17', '2019-04-21 09:26:17'),
(156, 67, 'Howard Koch', 'Mollitia dolorum assumenda aliquid amet. Nesciunt totam laudantium voluptate eaque qui nobis. Odit alias sed beatae.', 1, '2019-04-21 09:26:17', '2019-04-21 09:26:17'),
(157, 40, 'America Kohler', 'Quia ut rerum accusamus minima aut incidunt adipisci temporibus. Quo voluptas qui libero aut. Qui ipsam voluptate dolorem natus dolores voluptas labore.', 5, '2019-04-21 09:26:17', '2019-04-21 09:26:17'),
(158, 68, 'Earl Kerluke', 'Est est totam fugit aut. Voluptas qui eius omnis optio officiis. Alias quas et ex omnis.', 4, '2019-04-21 09:26:17', '2019-04-21 09:26:17'),
(159, 84, 'Adalberto Rice', 'Iure quibusdam rem officia dolores repellat sunt. Sint aut reiciendis earum. Consequuntur ullam sed vitae quia ea reiciendis.', 3, '2019-04-21 09:26:17', '2019-04-21 09:26:17'),
(160, 20, 'Mrs. Candace Hegmann I', 'Molestiae porro aut sunt itaque dolorem aperiam sunt. Totam reiciendis quasi illo quas. Illum quia libero repellendus vitae sint laboriosam id.', 5, '2019-04-21 09:26:17', '2019-04-21 09:26:17'),
(161, 80, 'Dr. Glen Gleichner', 'Suscipit dolorem veritatis expedita et consectetur aut. Ipsum velit nesciunt reprehenderit quis. Modi necessitatibus sed ut est. Qui nam illum neque sunt sit dignissimos animi.', 1, '2019-04-21 09:26:17', '2019-04-21 09:26:17'),
(162, 7, 'Erna Hirthe', 'Cumque sed error reiciendis laudantium excepturi. Alias reiciendis est aut corporis totam. Sit voluptatem et beatae corrupti in quia doloremque. Quibusdam nulla quos qui quos.', 2, '2019-04-21 09:26:17', '2019-04-21 09:26:17'),
(163, 15, 'Wilfredo Hoppe', 'Et rerum occaecati cumque dignissimos nam. Minus ad ab iste quos officia nemo. Pariatur quis voluptatem alias omnis.', 2, '2019-04-21 09:26:17', '2019-04-21 09:26:17'),
(164, 81, 'Dr. Korbin Stark', 'Quasi eum velit tenetur tempora. Non illum velit assumenda. Vitae qui eos minus quo occaecati.', 0, '2019-04-21 09:26:17', '2019-04-21 09:26:17'),
(165, 57, 'Kyla Morissette', 'Ratione dolor aut vel ut. Aperiam delectus quia sit quos aspernatur. Ratione et velit ab sit qui odit. Esse eos possimus recusandae fuga numquam rem.', 0, '2019-04-21 09:26:17', '2019-04-21 09:26:17'),
(166, 75, 'Brown Wyman', 'Ea quo dolore quibusdam aut adipisci ut. Cum explicabo ut similique non ipsum. Et esse et est tempore. Reprehenderit repellat magni iusto quo ipsam.', 2, '2019-04-21 09:26:17', '2019-04-21 09:26:17'),
(167, 70, 'Ms. Thora Larkin', 'Et et voluptatem et omnis. Qui in at aperiam quia accusamus culpa atque et. Corporis culpa accusamus earum mollitia.', 4, '2019-04-21 09:26:17', '2019-04-21 09:26:17'),
(168, 6, 'Prof. Hugh Baumbach III', 'Vel consequatur officia nihil cum quos. Quia aliquid ea assumenda. Corrupti a veritatis hic velit assumenda eaque. Fugit culpa saepe qui deleniti.', 4, '2019-04-21 09:26:17', '2019-04-21 09:26:17'),
(169, 90, 'Aliza Bosco', 'Ut optio neque ipsam ea nesciunt quis assumenda. Asperiores quis enim est id. Eaque ut accusantium illo reprehenderit.', 1, '2019-04-21 09:26:17', '2019-04-21 09:26:17'),
(170, 43, 'Madisen Johnson', 'Deserunt cum facilis ea ut eos quo. Sed reprehenderit sit et. Quos perferendis blanditiis id commodi eius nihil nihil omnis. Blanditiis dicta laudantium sequi et non maxime corrupti neque.', 5, '2019-04-21 09:26:17', '2019-04-21 09:26:17'),
(171, 92, 'Whitney Barton', 'Rerum molestiae est qui sunt et. Voluptatum odio dolor et nobis cum. Unde facere dolores mollitia amet ratione atque qui.', 0, '2019-04-21 09:26:17', '2019-04-21 09:26:17'),
(172, 14, 'Prof. Kristian Dach II', 'Sed voluptatem numquam sit alias. Quod neque totam rerum dolore dolorem cupiditate perferendis praesentium.', 3, '2019-04-21 09:26:17', '2019-04-21 09:26:17'),
(173, 18, 'Samara Corkery', 'Reiciendis eligendi eos qui quasi blanditiis ipsam. Dolor doloribus esse est corporis. Eum quia distinctio eum. Odit voluptatem molestiae totam quis harum accusantium.', 3, '2019-04-21 09:26:17', '2019-04-21 09:26:17'),
(174, 92, 'Finn Brekke', 'Et voluptatem et nulla consequatur ea. Itaque itaque facilis velit repellendus dolor vel voluptas veniam. Minima rerum qui et non qui culpa voluptates.', 1, '2019-04-21 09:26:17', '2019-04-21 09:26:17'),
(175, 76, 'Prof. Coty Koelpin', 'Omnis laboriosam deserunt iusto qui aut ullam praesentium nesciunt. Aspernatur iure ullam ad quo aut voluptas dolorum. Nihil et nobis neque neque corporis. Ut impedit ut sunt sit explicabo.', 1, '2019-04-21 09:26:17', '2019-04-21 09:26:17'),
(176, 66, 'Bennett Barrows V', 'Et architecto corrupti sit. Eum accusamus veritatis temporibus hic quidem modi. Quaerat enim sit quia culpa. Esse dolores blanditiis omnis culpa quibusdam architecto.', 4, '2019-04-21 09:26:18', '2019-04-21 09:26:18'),
(177, 54, 'Tianna Terry IV', 'Provident consequuntur sed voluptate sit. Aliquid vero quis rem dolores pariatur. Qui quasi et quia iusto pariatur maxime.', 1, '2019-04-21 09:26:18', '2019-04-21 09:26:18'),
(178, 44, 'Meggie Upton', 'Autem dolorum amet et enim. Ipsum mollitia nostrum at est natus. Aut incidunt quasi ratione. Eum asperiores nihil ut qui assumenda blanditiis aut officiis.', 4, '2019-04-21 09:26:18', '2019-04-21 09:26:18'),
(179, 14, 'Doug Kihn', 'Beatae qui dolor deserunt repellat vel nobis dolorem ipsum. Molestiae quod ab molestiae id. Praesentium tempora ex quis delectus consequatur impedit. Libero quas quod itaque sunt ea culpa qui.', 3, '2019-04-21 09:26:18', '2019-04-21 09:26:18'),
(180, 61, 'Marcellus Kerluke I', 'Enim consequatur doloribus voluptatem tempore et quia autem. Nihil sit et et iure et natus. Distinctio est fuga similique incidunt fuga qui. Neque illum autem nulla.', 4, '2019-04-21 09:26:18', '2019-04-21 09:26:18'),
(181, 81, 'Prof. Dawson Hegmann Sr.', 'Odio et et laboriosam officiis dolor. Ducimus sit dignissimos distinctio quia quidem impedit autem.', 2, '2019-04-21 09:26:18', '2019-04-21 09:26:18'),
(182, 43, 'Rafaela Reynolds IV', 'Enim animi consequuntur praesentium ut sed. Doloremque at ratione illo quia nam. Ratione culpa labore et molestias et. Sapiente labore optio magni incidunt ullam itaque labore.', 4, '2019-04-21 09:26:18', '2019-04-21 09:26:18'),
(183, 99, 'Antonette Towne V', 'Optio architecto tempore laborum quos aspernatur rerum. Provident nulla aut et tempore eum. Sit vero aut ex explicabo iure. Iure repellendus dolor facilis ut.', 1, '2019-04-21 09:26:18', '2019-04-21 09:26:18'),
(184, 4, 'Mr. Kurt Wilkinson DDS', 'Consectetur maxime quas dolor eos natus cumque et. Vero omnis illum id qui dolorum dolorem. Maxime optio consequatur quod quod necessitatibus.', 1, '2019-04-21 09:26:18', '2019-04-21 09:26:18'),
(185, 2, 'Braden Wunsch', 'Sint dolor hic ex occaecati neque ipsam. Laudantium facere esse aspernatur et beatae nostrum error.', 0, '2019-04-21 09:26:18', '2019-04-21 09:26:18'),
(186, 16, 'Meaghan McKenzie', 'Praesentium vitae inventore eum id ea dolores omnis. Est consequatur mollitia ex repudiandae dolorum doloribus. Est necessitatibus minus quia non iste. Vel et a nam non facere.', 0, '2019-04-21 09:26:18', '2019-04-21 09:26:18'),
(187, 60, 'Prof. Marietta Gibson', 'Consequuntur labore aliquam minima pariatur sit est. Vitae quo corporis rerum atque reiciendis ut. Ipsum aut consequatur ut in consequatur quos.', 0, '2019-04-21 09:26:18', '2019-04-21 09:26:18'),
(188, 43, 'Fredy Collins', 'Alias officiis quos ad mollitia. Rerum voluptates quo porro doloremque enim ducimus quod. Minima unde dolor dolorem blanditiis possimus eum.', 2, '2019-04-21 09:26:18', '2019-04-21 09:26:18'),
(189, 18, 'Darius Romaguera', 'Deleniti non dicta repellat error distinctio omnis saepe. Quas exercitationem aspernatur reprehenderit dolorum tenetur amet. Maiores rerum quisquam minus rerum est harum molestiae. Est explicabo voluptas beatae incidunt rerum.', 0, '2019-04-21 09:26:18', '2019-04-21 09:26:18'),
(190, 89, 'Spencer Gorczany', 'Et consequatur neque molestiae est omnis optio ut. Eveniet est quia modi aut iste rerum ut.', 5, '2019-04-21 09:26:18', '2019-04-21 09:26:18'),
(191, 79, 'Helena Carroll', 'Qui et omnis itaque aut fugiat non. Molestiae itaque sint dolores et saepe sed aut. In placeat labore iure alias quia delectus accusamus. Qui omnis a officia dolorum fugiat in aperiam.', 5, '2019-04-21 09:26:18', '2019-04-21 09:26:18'),
(192, 23, 'Mr. Santino Schimmel PhD', 'Quia accusamus est voluptatibus illum qui optio dolor itaque. Quae aspernatur veniam omnis ut. Ab atque illum dolores consequuntur repudiandae.', 1, '2019-04-21 09:26:18', '2019-04-21 09:26:18'),
(193, 59, 'Dr. Maxie Carter DDS', 'Sequi facere non autem provident ab sint animi aperiam. Corrupti voluptate molestias et dolorem. Quia et officiis quisquam architecto et ea asperiores quas.', 3, '2019-04-21 09:26:18', '2019-04-21 09:26:18'),
(194, 8, 'Tabitha Cruickshank', 'Sint eos consequuntur harum in excepturi. Architecto repudiandae sint dolores veritatis. Qui necessitatibus deserunt est labore vel sunt. Ut inventore deleniti repudiandae ad.', 2, '2019-04-21 09:26:18', '2019-04-21 09:26:18'),
(195, 10, 'Claude Maggio', 'Veniam quae vitae fugiat dolor. Quia sapiente nisi corporis in autem debitis dolores. Deserunt odio consequatur qui quidem tempora.', 1, '2019-04-21 09:26:18', '2019-04-21 09:26:18'),
(196, 24, 'Laurianne Hamill', 'Quas enim velit est id maxime ipsam. Qui commodi eligendi nisi ad delectus autem. Eos doloribus delectus quis. Quisquam odit in sed ut. Ut accusantium officiis qui et est maiores in aut.', 2, '2019-04-21 09:26:18', '2019-04-21 09:26:18'),
(197, 72, 'Mr. Carlo Hermiston DDS', 'Adipisci temporibus aperiam voluptatibus totam quas animi quis quidem. Ea rerum libero veniam voluptas laboriosam alias ducimus. Accusantium nisi blanditiis architecto enim debitis ab ut. Velit eos pariatur quia amet sed quia ab.', 0, '2019-04-21 09:26:18', '2019-04-21 09:26:18'),
(198, 57, 'Garry Turner', 'Est sint eligendi ab reprehenderit ipsa libero quia. Enim maiores beatae ullam aut. At voluptatem id culpa at.', 0, '2019-04-21 09:26:18', '2019-04-21 09:26:18'),
(199, 75, 'Lawrence Ferry', 'Totam aut sit est reprehenderit qui earum. Minus est accusantium molestiae magnam veniam. Rerum consequatur dolorum maxime et reiciendis maiores nam. Molestiae officia sit officiis cumque nulla est autem voluptatum.', 3, '2019-04-21 09:26:18', '2019-04-21 09:26:18'),
(200, 29, 'Charlotte Shanahan', 'Quas ipsum voluptatem nobis saepe ratione velit. Aut quas harum ea atque iure. Distinctio adipisci voluptatem aperiam sed. Inventore sapiente magnam consequatur hic sunt temporibus voluptatibus.', 1, '2019-04-21 09:26:18', '2019-04-21 09:26:18'),
(201, 57, 'Mrs. Loren Walsh Sr.', 'Sequi quo magni architecto excepturi eius. Molestiae aperiam veniam iusto quisquam et. Nihil non aspernatur est nemo beatae officiis. Dolorem non vel est voluptatem sint placeat.', 2, '2019-04-21 09:26:18', '2019-04-21 09:26:18'),
(202, 52, 'Laurie Rosenbaum', 'Dolorem ut distinctio explicabo ratione vel ratione totam fugit. Molestias consectetur explicabo quia eos non reprehenderit. Accusantium nulla qui deleniti qui laboriosam quas. Non voluptas optio et.', 0, '2019-04-21 09:26:18', '2019-04-21 09:26:18'),
(203, 28, 'Albertha Deckow', 'Sunt quam deleniti ut velit. Omnis velit dolore tenetur quia eum quo. Non nihil autem tenetur dignissimos aliquid.', 0, '2019-04-21 09:26:19', '2019-04-21 09:26:19'),
(204, 95, 'Dr. Ali Bashirian IV', 'Eaque fugiat veritatis recusandae possimus sed voluptas vel. Earum repudiandae est dignissimos a dicta. Nemo neque voluptate iste et.', 3, '2019-04-21 09:26:19', '2019-04-21 09:26:19'),
(205, 97, 'Jean Dickens MD', 'Est aperiam aut mollitia rerum rerum consectetur est. Earum molestiae reiciendis autem reprehenderit velit adipisci corrupti non. Id dolorem cumque qui repellendus sunt. Autem commodi suscipit et ratione qui fugit.', 2, '2019-04-21 09:26:19', '2019-04-21 09:26:19'),
(206, 69, 'Ethyl Greenfelder', 'Tenetur et suscipit eum occaecati aut eaque. Nostrum dolores eum eos voluptatibus et et. Et nulla voluptatem sed.', 4, '2019-04-21 09:26:19', '2019-04-21 09:26:19'),
(207, 80, 'Alysha Hansen', 'Ullam vel odit suscipit officiis fugit. Tempora incidunt porro aut voluptatem. Occaecati rerum labore aspernatur enim vel aut. Molestiae rerum quaerat in quia debitis quia ut.', 1, '2019-04-21 09:26:19', '2019-04-21 09:26:19'),
(208, 41, 'Dr. Gust VonRueden', 'Optio et distinctio quibusdam mollitia. Et repellat vel et voluptatibus voluptate rerum. Culpa impedit qui blanditiis est magnam sint dolor.', 2, '2019-04-21 09:26:19', '2019-04-21 09:26:19');
INSERT INTO `reviews` (`id`, `product_id`, `customer`, `review`, `star`, `created_at`, `updated_at`) VALUES
(209, 19, 'Nya Doyle', 'Sint illum aut aut quis magni. Qui quisquam nam suscipit et exercitationem ab reprehenderit aut. Ex vero voluptas non facilis. Optio sit ipsum quod harum. Voluptate ut nihil eum voluptate quasi consequatur.', 5, '2019-04-21 09:26:19', '2019-04-21 09:26:19'),
(210, 17, 'Miss Ila Douglas Sr.', 'In doloremque eum dignissimos qui veniam fugiat est. Dolor necessitatibus id sit et magnam earum saepe. Autem dolores vitae ab aut. Delectus nulla harum sed molestias est.', 3, '2019-04-21 09:26:19', '2019-04-21 09:26:19'),
(211, 7, 'Leora Barton', 'Est voluptas voluptate et quia aliquam odit accusantium. Non eligendi suscipit doloribus quia iste deleniti. Exercitationem odio adipisci possimus voluptatum voluptas temporibus. Repellendus non asperiores nobis eos ratione. Sit eveniet ut ut vitae sit aspernatur saepe accusantium.', 0, '2019-04-21 09:26:19', '2019-04-21 09:26:19'),
(212, 39, 'Laurie McLaughlin', 'Recusandae esse sed et omnis. Sit est placeat velit. Similique aliquid consequuntur qui omnis hic ut alias. Ut necessitatibus minima voluptatum minus voluptatem.', 1, '2019-04-21 09:26:19', '2019-04-21 09:26:19'),
(213, 96, 'Benjamin Trantow Sr.', 'Qui doloremque dolore incidunt at sit. Ut fuga facere eveniet et aut quibusdam. Repellat non repellendus neque veniam praesentium.', 1, '2019-04-21 09:26:19', '2019-04-21 09:26:19'),
(214, 71, 'Mr. Emilio Ondricka', 'Quia voluptatibus non eos commodi voluptatem sint. Autem odit ipsum nihil dicta sit quo. Quidem repellendus molestiae aperiam autem in omnis. Laborum occaecati enim quae sint facilis.', 5, '2019-04-21 09:26:19', '2019-04-21 09:26:19'),
(215, 30, 'Alvis Thompson', 'Voluptatem neque et expedita ut. Voluptas sunt nostrum perferendis distinctio. Nesciunt et at nam iusto.', 3, '2019-04-21 09:26:19', '2019-04-21 09:26:19'),
(216, 56, 'Zakary Pfannerstill', 'Autem aliquam porro eveniet aliquam quis. Consectetur aut beatae nemo recusandae id corrupti. Est doloremque ad illum. Iusto deserunt non harum numquam et fugit.', 2, '2019-04-21 09:26:19', '2019-04-21 09:26:19'),
(217, 54, 'Aurore Schuppe', 'Ullam autem quis voluptatem sed doloribus. Nihil velit eos voluptatum voluptatum. Nihil sed assumenda dolorum omnis quia libero vel. Nulla sunt est est ducimus qui consequatur.', 1, '2019-04-21 09:26:19', '2019-04-21 09:26:19'),
(218, 96, 'Eve Williamson Jr.', 'Ea sed est impedit dolore molestiae et nulla. Sapiente quia nihil minima consequatur. Esse assumenda excepturi sint qui labore cupiditate.', 5, '2019-04-21 09:26:19', '2019-04-21 09:26:19'),
(219, 64, 'Athena Baumbach', 'Numquam dolores ea eligendi quasi illum odit itaque. Tempore et recusandae ad qui ducimus saepe. Eos et velit voluptas vero.', 0, '2019-04-21 09:26:19', '2019-04-21 09:26:19'),
(220, 91, 'Alayna Emmerich', 'Inventore amet nemo harum sit. Voluptatem maxime impedit alias iste quas doloremque et. Quo porro odio omnis doloribus quas. Perspiciatis dolorum ipsam vel sed rerum id qui.', 3, '2019-04-21 09:26:19', '2019-04-21 09:26:19'),
(221, 74, 'Narciso Streich', 'Illum et dicta nisi ipsa ipsum delectus corrupti. Blanditiis ea alias qui quas. Molestiae animi dolores nisi quasi ratione quae.', 5, '2019-04-21 09:26:19', '2019-04-21 09:26:19'),
(222, 31, 'Glenna Cremin', 'Quasi omnis est autem nihil asperiores. Consequatur voluptatem tempore sapiente sed fuga non illo. Ut earum quis et enim.', 5, '2019-04-21 09:26:19', '2019-04-21 09:26:19'),
(223, 95, 'Prof. Shane Gusikowski III', 'Aut optio quibusdam numquam ipsam similique. Ipsum voluptas et ducimus molestiae. Ea laborum ullam debitis eveniet commodi.', 5, '2019-04-21 09:26:19', '2019-04-21 09:26:19'),
(224, 85, 'Ms. Ophelia Schaden V', 'Temporibus et dignissimos reprehenderit. Minus odit et voluptates non. Quo hic incidunt voluptatem perferendis sit velit. Sit laboriosam dolorem voluptate officia beatae ullam.', 1, '2019-04-21 09:26:19', '2019-04-21 09:26:19'),
(225, 34, 'Cletus Will Sr.', 'Quos et delectus ducimus veniam quasi non reprehenderit. Quo in dolores nobis debitis voluptatem. Sint est quam tenetur autem quia et soluta.', 5, '2019-04-21 09:26:19', '2019-04-21 09:26:19'),
(226, 56, 'Prof. Jaime Dickinson', 'Velit dolor ab sunt sunt vitae aliquid. Voluptatem nesciunt consequatur cupiditate. Veritatis ea qui tempora. Explicabo quis assumenda porro esse repellat.', 0, '2019-04-21 09:26:19', '2019-04-21 09:26:19'),
(227, 50, 'Prof. Louie Schinner', 'Vero minus maiores praesentium ipsum dolore architecto. Deleniti vel totam cupiditate qui nostrum. Voluptatum distinctio repellat consequatur libero sed nemo tenetur. Dolor quia impedit nostrum doloribus ut ut.', 0, '2019-04-21 09:26:19', '2019-04-21 09:26:19'),
(228, 88, 'Ms. Ashleigh Bergnaum', 'Ratione quo qui animi omnis iste. Illo doloremque eveniet voluptatem fuga. Consequatur aspernatur id ut sit nihil.', 2, '2019-04-21 09:26:19', '2019-04-21 09:26:19'),
(229, 48, 'Laisha Effertz', 'Quisquam soluta sunt et dolor facere impedit eius. Enim impedit est consequuntur. Animi laudantium esse ut rem recusandae eos. Vel eos voluptatem rerum dignissimos ab.', 2, '2019-04-21 09:26:19', '2019-04-21 09:26:19'),
(230, 86, 'Dr. Lauretta Stark MD', 'Est labore quae ut assumenda corrupti quae. In aspernatur vel nostrum blanditiis. Asperiores quia ex eveniet.', 2, '2019-04-21 09:26:20', '2019-04-21 09:26:20'),
(231, 78, 'Tevin Blick', 'Officia deleniti sint non et et tenetur qui. Accusantium consequatur architecto dolorem autem sit quia doloremque. Maiores eveniet omnis ratione est. Maxime quis ratione saepe corporis vel quidem.', 4, '2019-04-21 09:26:20', '2019-04-21 09:26:20'),
(232, 90, 'Raquel Schuppe', 'Voluptas vel numquam debitis alias. Qui dolorum et est et. Voluptas accusamus corporis molestiae alias laboriosam rem magni doloremque.', 0, '2019-04-21 09:26:20', '2019-04-21 09:26:20'),
(233, 40, 'D\'angelo Lang', 'Ea sint illo autem quo. Nemo voluptatem ex sed reiciendis ut. Dolores sint accusantium praesentium aliquam praesentium.', 4, '2019-04-21 09:26:20', '2019-04-21 09:26:20'),
(234, 75, 'Beverly Harvey', 'Explicabo autem qui deserunt doloremque nesciunt alias. Qui facilis sit itaque. Libero sit nihil velit doloremque dolorem et exercitationem. Quis est nisi nam aut sunt impedit.', 2, '2019-04-21 09:26:20', '2019-04-21 09:26:20'),
(235, 23, 'Noah Terry II', 'Et ea deserunt non. Vero deleniti est aliquam aut omnis.', 2, '2019-04-21 09:26:20', '2019-04-21 09:26:20'),
(236, 63, 'Edwina Schinner', 'Quo voluptatem aliquid enim ipsa. Est quia accusamus cupiditate quam aliquid occaecati. Sit a perspiciatis rerum. Alias possimus cumque beatae quo consequatur molestiae.', 1, '2019-04-21 09:26:20', '2019-04-21 09:26:20'),
(237, 42, 'Jonathan Lubowitz', 'Recusandae amet sapiente iste explicabo. Occaecati magni autem id eos. Impedit enim in ipsum iste.', 0, '2019-04-21 09:26:20', '2019-04-21 09:26:20'),
(238, 97, 'Mariela Lowe', 'Saepe nostrum optio cupiditate error non. Eum earum ipsa ipsum distinctio. Adipisci maiores animi quos et dolor. Quos non quibusdam numquam minima sit molestiae ducimus sapiente.', 1, '2019-04-21 09:26:20', '2019-04-21 09:26:20'),
(239, 51, 'Chelsea Hoeger', 'Quis aut et hic et eum. Non beatae cupiditate omnis. Voluptatibus eveniet nobis minus officia perspiciatis. Eos perspiciatis adipisci tempore sed omnis iusto nobis temporibus.', 2, '2019-04-21 09:26:20', '2019-04-21 09:26:20'),
(240, 15, 'Blake Denesik', 'Doloribus nostrum itaque exercitationem mollitia est nihil. Vel atque possimus vel eveniet. Unde ut est nulla sequi.', 3, '2019-04-21 09:26:20', '2019-04-21 09:26:20'),
(241, 37, 'Freddie Lesch', 'Id tempore officiis eius inventore eveniet. Est qui eaque deserunt voluptas molestiae voluptatibus rem. Sed occaecati sunt at impedit.', 2, '2019-04-21 09:26:20', '2019-04-21 09:26:20'),
(242, 32, 'Lempi Schaden', 'Est quaerat quia adipisci laboriosam adipisci quisquam excepturi. Reiciendis saepe ab quibusdam harum distinctio non quae. Commodi consequuntur aliquam esse quia delectus. Vel amet velit nostrum maiores quo.', 5, '2019-04-21 09:26:20', '2019-04-21 09:26:20'),
(243, 96, 'Jeramy Block', 'Vitae id aut aut dignissimos id fugit. Similique pariatur totam ipsum. Autem qui nihil quia.', 2, '2019-04-21 09:26:20', '2019-04-21 09:26:20'),
(244, 82, 'Susana Kling', 'Ab ullam quidem impedit aut. Velit facilis laborum laudantium iste. Dicta et recusandae labore iure molestiae. Eveniet eius porro voluptatem et. Voluptatum sit praesentium voluptatem quia.', 5, '2019-04-21 09:26:20', '2019-04-21 09:26:20'),
(245, 59, 'Margie Rowe Sr.', 'Et fugiat tempore inventore vero praesentium. Id ab maiores est voluptates. Alias est aut consectetur cupiditate. Cupiditate et consequuntur quae est ratione.', 4, '2019-04-21 09:26:20', '2019-04-21 09:26:20'),
(246, 8, 'Alexane Schaefer', 'Itaque odit consequatur ut velit. Dignissimos ipsa velit esse dicta hic sed molestiae totam. Amet veritatis omnis enim nam est commodi ab. Iste qui tenetur architecto aliquam repudiandae sint.', 0, '2019-04-21 09:26:20', '2019-04-21 09:26:20'),
(247, 65, 'Harvey Huel PhD', 'Non quia aperiam quo molestiae repellendus velit. Voluptates libero ut modi similique rerum. Est magnam voluptate a sunt animi hic.', 0, '2019-04-21 09:26:20', '2019-04-21 09:26:20'),
(248, 88, 'Mrs. Chasity Cormier', 'Animi exercitationem ea sint vitae. Velit repudiandae sit non doloribus ut. Exercitationem reprehenderit accusamus aut voluptatum tempore amet repudiandae sit.', 0, '2019-04-21 09:26:20', '2019-04-21 09:26:20'),
(249, 91, 'Margarette Zemlak', 'Animi perspiciatis quia ut soluta. Minus porro fuga recusandae voluptatibus vel sint magnam. Distinctio in perferendis facilis dolorem est dolor voluptatem fuga. Quas laborum qui maxime quae perspiciatis et quod mollitia.', 5, '2019-04-21 09:26:20', '2019-04-21 09:26:20'),
(250, 86, 'Dr. Loma Weissnat', 'Culpa nobis in adipisci provident in quia. Nesciunt soluta sequi sapiente suscipit. Atque non quas placeat totam magnam.', 2, '2019-04-21 09:26:20', '2019-04-21 09:26:20'),
(251, 52, 'Emil Hettinger', 'Velit et laborum omnis ducimus. Doloremque eos beatae fugit. Quis quas et vel perspiciatis perspiciatis.', 4, '2019-04-21 09:26:20', '2019-04-21 09:26:20'),
(252, 65, 'Dr. Wayne Dare DVM', 'Consequatur error illum quas. Neque dicta veniam cupiditate quidem sed. Qui est voluptas hic. Architecto quia minus velit aspernatur quis aperiam.', 0, '2019-04-21 09:26:21', '2019-04-21 09:26:21'),
(253, 68, 'Mr. Torrey Franecki I', 'Et nam ad voluptatum praesentium voluptatem quos impedit. Est dicta vero culpa laboriosam. Ut est rerum sit similique libero quas sit. Ea vel possimus quisquam ipsum a quas ea.', 0, '2019-04-21 09:26:21', '2019-04-21 09:26:21'),
(254, 38, 'Mr. Corbin Nitzsche', 'Animi corporis a rem rerum officia. Perspiciatis voluptatem soluta nemo sit deleniti blanditiis recusandae.', 4, '2019-04-21 09:26:21', '2019-04-21 09:26:21'),
(255, 73, 'Dr. Mathilde Wiegand Sr.', 'Qui sit in est labore in. Commodi nemo fuga ad et fuga. Velit et eum aspernatur voluptas quia vel aut quae.', 3, '2019-04-21 09:26:21', '2019-04-21 09:26:21'),
(256, 79, 'Else Kuvalis', 'Ipsam sed consequuntur ratione dolorem nobis consequuntur. Inventore voluptate autem qui soluta architecto est incidunt. Eos facilis sint consequatur commodi ut et.', 2, '2019-04-21 09:26:21', '2019-04-21 09:26:21'),
(257, 93, 'Queenie Hartmann', 'Veniam distinctio perspiciatis harum. Et doloremque minima hic ab et. Et animi ad sed quasi rerum explicabo.', 2, '2019-04-21 09:26:21', '2019-04-21 09:26:21'),
(258, 73, 'Lilyan Bode', 'Esse possimus aut aut quis. Facere illum veritatis placeat a repellat recusandae. Natus qui corporis cupiditate ut. Recusandae accusamus sequi illum ratione sint quis necessitatibus labore.', 2, '2019-04-21 09:26:21', '2019-04-21 09:26:21'),
(259, 31, 'Marcel Lemke', 'Et et qui occaecati itaque eum vel. Eum repudiandae quia est. Dolores voluptates harum occaecati a beatae molestiae vero. Omnis ipsam expedita libero eum ad accusamus adipisci.', 0, '2019-04-21 09:26:21', '2019-04-21 09:26:21'),
(260, 74, 'Laurianne Hauck', 'Qui quis voluptatum tempora animi ullam nesciunt sunt recusandae. Mollitia rerum iusto laudantium iure. Repellat dolores doloribus rerum.', 3, '2019-04-21 09:26:21', '2019-04-21 09:26:21'),
(261, 79, 'Sigrid Pollich', 'Quasi quasi molestias aut dignissimos. Nam illo et sed. Repudiandae rerum esse aut voluptatem nihil vero voluptatibus. Veritatis eos autem quisquam nostrum error provident. Provident quas dignissimos qui ea amet.', 5, '2019-04-21 09:26:21', '2019-04-21 09:26:21'),
(262, 46, 'Name Paucek', 'Ducimus architecto est aliquam expedita. Sit hic laborum asperiores eum qui commodi repudiandae recusandae. Eligendi aut nam id sed nesciunt quae. Voluptas eum sit dolor enim placeat fugit explicabo ut. Corporis quos quia fuga.', 2, '2019-04-21 09:26:21', '2019-04-21 09:26:21'),
(263, 55, 'Valentine Mosciski DVM', 'Autem iste magnam voluptatum. Illum ad maiores ea cupiditate ea vero placeat.', 2, '2019-04-21 09:26:21', '2019-04-21 09:26:21'),
(264, 21, 'Mark Will', 'Voluptate asperiores iure officia architecto culpa rem. Magnam unde sit voluptatem et dolores laborum. Sapiente ut officia quis autem accusantium aperiam corrupti porro.', 5, '2019-04-21 09:26:21', '2019-04-21 09:26:21'),
(265, 60, 'Mr. Kyler Ruecker IV', 'Impedit sunt delectus rerum earum unde numquam consectetur. Quasi voluptatem nihil nemo consectetur amet repellendus nulla. Eaque voluptatibus aut iusto non non. Recusandae ipsum impedit quia et.', 1, '2019-04-21 09:26:21', '2019-04-21 09:26:21'),
(266, 99, 'Asa Watsica V', 'Quae doloremque est sunt itaque. Quibusdam soluta repellat blanditiis eveniet voluptas rerum. Aut aut sequi dolor eius corrupti aut a praesentium.', 1, '2019-04-21 09:26:21', '2019-04-21 09:26:21'),
(267, 65, 'Donna Vandervort', 'Nisi numquam ex numquam quibusdam. Dignissimos est consectetur dolor.', 1, '2019-04-21 09:26:21', '2019-04-21 09:26:21'),
(268, 17, 'Kamille Schulist', 'Numquam corrupti ipsam quae et placeat ipsum. Quod natus et dolor dolores consequatur voluptates. Et id rerum dolor similique harum. Quia dolor nisi tenetur possimus corporis dolor nihil commodi. Aspernatur et vel eaque possimus occaecati optio.', 0, '2019-04-21 09:26:21', '2019-04-21 09:26:21'),
(269, 88, 'Mekhi Veum', 'Aut qui dolorum praesentium asperiores quis est expedita. Qui commodi omnis distinctio. Est nihil commodi ipsum fugit ea voluptas quidem.', 1, '2019-04-21 09:26:21', '2019-04-21 09:26:21'),
(270, 85, 'Dr. Marcos Haley Sr.', 'Dignissimos fuga maxime quidem asperiores et non molestiae. Aliquid mollitia a at dolorum et sit est. Cumque sed nemo recusandae. Ullam est quasi quia in sequi officiis deserunt.', 3, '2019-04-21 09:26:21', '2019-04-21 09:26:21'),
(271, 45, 'Magali Cormier', 'Blanditiis ad rerum exercitationem. Perspiciatis sit quia voluptatem fugiat. Omnis officiis veritatis ut quia accusamus minus ut omnis. Iste rerum sit dolor eum.', 5, '2019-04-21 09:26:21', '2019-04-21 09:26:21'),
(272, 32, 'Deja Kiehn', 'Tempore et non dicta et ut necessitatibus. Rerum sunt earum atque qui consequatur magni. Aut tempore quo ut enim rerum ipsam libero.', 5, '2019-04-21 09:26:21', '2019-04-21 09:26:21'),
(273, 1, 'Rashawn Beier', 'Illo dolorem iusto ut dolores voluptatem. Eum non sed amet. Facere cumque exercitationem eos repudiandae voluptas sed.', 3, '2019-04-21 09:26:21', '2019-04-21 09:26:21'),
(274, 97, 'Morris Considine', 'Officia dolor atque eos voluptate. Delectus consequuntur dicta modi a est delectus.', 4, '2019-04-21 09:26:21', '2019-04-21 09:26:21'),
(275, 84, 'Mara Fisher', 'Voluptatibus perspiciatis inventore repellat et. Cumque hic in voluptatum iste omnis culpa. Voluptatem perferendis facilis esse qui praesentium architecto. Amet aliquid commodi est porro aut dolor.', 3, '2019-04-21 09:26:22', '2019-04-21 09:26:22'),
(276, 15, 'Britney Wolf', 'Consequatur omnis quis voluptatem similique a aut. Provident sed in quia quam autem. Commodi et quam ullam accusantium. Impedit debitis recusandae numquam adipisci odit maxime sed.', 1, '2019-04-21 09:26:22', '2019-04-21 09:26:22'),
(277, 26, 'Miss Yvette Muller PhD', 'Non vitae ipsum qui consequatur voluptatum nihil. Commodi unde possimus sit occaecati.', 0, '2019-04-21 09:26:22', '2019-04-21 09:26:22'),
(278, 94, 'Colt Lindgren III', 'Iusto dolor modi rerum nisi quo. Illum odit dolorem exercitationem rem saepe eligendi et.', 4, '2019-04-21 09:26:22', '2019-04-21 09:26:22'),
(279, 51, 'Wilhelm Casper', 'Temporibus similique consequatur et nobis tenetur eius. Ipsa quis dolorem a placeat debitis facilis. Asperiores atque ratione ad enim.', 5, '2019-04-21 09:26:22', '2019-04-21 09:26:22'),
(280, 56, 'Nyah Kutch', 'Vitae temporibus consectetur aliquid est sit veritatis magnam. Rerum possimus occaecati quo ipsum. Laboriosam fugit beatae at magni nisi eum et. Excepturi tenetur at error porro alias maxime id. Magni voluptatem ut unde exercitationem earum harum eligendi.', 4, '2019-04-21 09:26:22', '2019-04-21 09:26:22'),
(281, 100, 'Prof. Deven Kovacek', 'Consequatur porro sed nesciunt laudantium culpa tenetur in. Velit quia ratione maxime.', 1, '2019-04-21 09:26:22', '2019-04-21 09:26:22'),
(282, 97, 'Nya Labadie', 'Laborum repellendus asperiores distinctio autem rerum. Cum in eveniet dolor pariatur exercitationem et. Aut corporis consequatur eaque ut vel.', 0, '2019-04-21 09:26:22', '2019-04-21 09:26:22'),
(283, 68, 'Easter Dach', 'Sequi repudiandae est sunt. Est temporibus ut aperiam ut. Sint deserunt repellendus asperiores deleniti id saepe.', 4, '2019-04-21 09:26:22', '2019-04-21 09:26:22'),
(284, 23, 'Dahlia Bauch', 'Quis dolorem molestiae a. Eos modi est blanditiis aut est est ex. Esse ea suscipit ratione eos aut laudantium consequatur. Commodi voluptatem iste et ea veniam eos.', 5, '2019-04-21 09:26:22', '2019-04-21 09:26:22'),
(285, 97, 'Sam Hartmann', 'Eos adipisci debitis numquam dolore voluptates minima porro. Fuga fugiat deleniti fugit perferendis odit eum. Recusandae delectus nesciunt ex est illum. Qui error hic et recusandae placeat.', 5, '2019-04-21 09:26:22', '2019-04-21 09:26:22'),
(286, 44, 'Clint Rohan', 'Culpa qui nisi porro ea quis nemo nam. Rerum eveniet ipsum voluptatem ut voluptas quae beatae consequatur.', 4, '2019-04-21 09:26:22', '2019-04-21 09:26:22'),
(287, 64, 'Dr. Kiara Zieme PhD', 'Aspernatur dolorum consequatur asperiores hic. Aut aliquam laboriosam est nisi dolorem et veniam. Quisquam vitae consequuntur repellendus ea. Magni omnis labore molestiae itaque ut aut.', 2, '2019-04-21 09:26:22', '2019-04-21 09:26:22'),
(288, 1, 'Wilfrid Hane', 'Non sit dolorem quia. Fuga qui quod rem aliquam sint sunt unde rerum. Praesentium id nihil omnis expedita.', 3, '2019-04-21 09:26:22', '2019-04-21 09:26:22'),
(289, 63, 'Miss Jena Reichel I', 'Rerum itaque quam labore eos beatae ut. Quidem vero maxime voluptatem ullam eligendi placeat. Et corporis rerum aliquid quia. Aut eum itaque dolores nesciunt.', 4, '2019-04-21 09:26:22', '2019-04-21 09:26:22'),
(290, 56, 'Prof. Sophie Donnelly I', 'Optio at nisi vel libero. Esse ad molestias earum rerum assumenda quia est. Et ea ut possimus et qui qui velit. Expedita culpa illo laboriosam aspernatur sunt. Est aut sed est odio vel assumenda non veniam.', 0, '2019-04-21 09:26:22', '2019-04-21 09:26:22'),
(291, 47, 'Modesto Klocko', 'Eaque facere est alias. Commodi est qui tempore tempore non. Quidem ex nemo et dolorem.', 5, '2019-04-21 09:26:22', '2019-04-21 09:26:22'),
(292, 5, 'Mr. Devin Nitzsche V', 'Illo fugiat porro ut reprehenderit nihil quibusdam ab. Autem explicabo quia odit. Dolor odit dolores sed voluptas in dolores. Itaque quod deserunt ea vel labore.', 0, '2019-04-21 09:26:22', '2019-04-21 09:26:22'),
(293, 90, 'Tillman Bashirian', 'Ipsam veniam laudantium necessitatibus sit ea. Ipsum quaerat nobis et labore rem. Porro et aut saepe voluptatem est dolorem. Non enim laborum repellat aliquam vero fugit.', 1, '2019-04-21 09:26:22', '2019-04-21 09:26:22'),
(294, 100, 'Della Hickle', 'Odio facilis est et asperiores. Atque enim quo ut totam consequatur repellendus. Harum hic et praesentium maiores sed similique facilis quos. Velit quos quaerat laudantium ut vero.', 4, '2019-04-21 09:26:22', '2019-04-21 09:26:22'),
(295, 35, 'Anna Kirlin', 'Sed et qui fuga sed officiis in sed. Incidunt harum optio maiores sint quibusdam molestias nihil. Quo sapiente mollitia quisquam ipsam aut. Cum est vitae itaque.', 1, '2019-04-21 09:26:22', '2019-04-21 09:26:22'),
(296, 84, 'Dr. Zechariah Williamson', 'Et corporis odit dignissimos temporibus impedit. Est dicta quod aut reprehenderit quasi explicabo cupiditate. Ipsum libero quos reprehenderit et ad itaque sit. Voluptas deserunt harum totam inventore.', 0, '2019-04-21 09:26:22', '2019-04-21 09:26:22'),
(297, 76, 'Bradford Sipes', 'Quis impedit reiciendis est consequuntur repellat repudiandae. Et eum quis velit tempora dolor. Ratione non est numquam recusandae nesciunt. Alias quis voluptatibus aut nostrum rerum enim eveniet et.', 4, '2019-04-21 09:26:22', '2019-04-21 09:26:22'),
(298, 50, 'Allie Langworth', 'Enim debitis facere doloremque ullam. Iste perspiciatis dolor enim consectetur tenetur accusantium.', 4, '2019-04-21 09:26:22', '2019-04-21 09:26:22'),
(299, 29, 'Dr. Mathilde Bashirian', 'Ipsa praesentium atque qui sint. Autem non labore ut sit eligendi et culpa. In voluptas sed maiores non. Rem aut quod veniam quibusdam ut fugit ut animi.', 3, '2019-04-21 09:26:23', '2019-04-21 09:26:23'),
(300, 82, 'Mrs. Beaulah Adams', 'Quis fugit nesciunt perspiciatis corrupti maiores. Temporibus modi magnam corporis ut consequatur. Magni labore labore et voluptate vel eius ut quasi.', 1, '2019-04-21 09:26:23', '2019-04-21 09:26:23');

-- --------------------------------------------------------

--
-- Table structure for table `users`
--

DROP TABLE IF EXISTS `users`;
CREATE TABLE `users` (
  `id` bigint(20) UNSIGNED NOT NULL,
  `name` varchar(191) COLLATE utf8mb4_unicode_ci NOT NULL,
  `email` varchar(191) COLLATE utf8mb4_unicode_ci NOT NULL,
  `email_verified_at` timestamp NULL DEFAULT NULL,
  `password` varchar(191) COLLATE utf8mb4_unicode_ci NOT NULL,
  `remember_token` varchar(100) COLLATE utf8mb4_unicode_ci DEFAULT NULL,
  `created_at` timestamp NULL DEFAULT NULL,
  `updated_at` timestamp NULL DEFAULT NULL
) ENGINE=InnoDB DEFAULT CHARSET=utf8mb4 COLLATE=utf8mb4_unicode_ci;

--
-- Indexes for dumped tables
--

--
-- Indexes for table `migrations`
--
ALTER TABLE `migrations`
  ADD PRIMARY KEY (`id`);

--
-- Indexes for table `password_resets`
--
ALTER TABLE `password_resets`
  ADD KEY `password_resets_email_index` (`email`);

--
-- Indexes for table `products`
--
ALTER TABLE `products`
  ADD PRIMARY KEY (`id`);

--
-- Indexes for table `reviews`
--
ALTER TABLE `reviews`
  ADD PRIMARY KEY (`id`),
  ADD KEY `reviews_product_id_index` (`product_id`);

--
-- Indexes for table `users`
--
ALTER TABLE `users`
  ADD PRIMARY KEY (`id`),
  ADD UNIQUE KEY `users_email_unique` (`email`);

--
-- AUTO_INCREMENT for dumped tables
--

--
-- AUTO_INCREMENT for table `migrations`
--
ALTER TABLE `migrations`
  MODIFY `id` int(10) UNSIGNED NOT NULL AUTO_INCREMENT, AUTO_INCREMENT=5;

--
-- AUTO_INCREMENT for table `products`
--
ALTER TABLE `products`
  MODIFY `id` int(10) UNSIGNED NOT NULL AUTO_INCREMENT, AUTO_INCREMENT=101;

--
-- AUTO_INCREMENT for table `reviews`
--
ALTER TABLE `reviews`
  MODIFY `id` bigint(20) UNSIGNED NOT NULL AUTO_INCREMENT, AUTO_INCREMENT=301;

--
-- AUTO_INCREMENT for table `users`
--
ALTER TABLE `users`
  MODIFY `id` bigint(20) UNSIGNED NOT NULL AUTO_INCREMENT;

--
-- Constraints for dumped tables
--

--
-- Constraints for table `reviews`
--
ALTER TABLE `reviews`
  ADD CONSTRAINT `reviews_product_id_foreign` FOREIGN KEY (`product_id`) REFERENCES `products` (`id`) ON DELETE CASCADE;
COMMIT;

/*!40101 SET CHARACTER_SET_CLIENT=@OLD_CHARACTER_SET_CLIENT */;
/*!40101 SET CHARACTER_SET_RESULTS=@OLD_CHARACTER_SET_RESULTS */;
/*!40101 SET COLLATION_CONNECTION=@OLD_COLLATION_CONNECTION */;
